Date,LCJ0 COMB Comdty  (L1),KCA Comdty  (L2),C A Comdty  (R3),CTA Comdty  (R2),S A Comdty  (L3),SBA Comdty  (R1),W A Comdty  (R3)
,Live Cattles,Coffee,Corn,Cotton,Soybeans,Sugar,Wheat
2/4/2020,120.65,98.15,382 1/4,67.35,879 1/2,14.71,557 1/4
2/3/2020,120.725,97.9,378 3/4,66.84,877,14.89,555 1/2
1/31/2020,119.675,102.65,381 1/4,67.5,872 1/2,14.61,553 3/4
1/30/2020,120.2,101.5,379 1/2,69.05,876 1/4,14.59,560 1/2
1/29/2020,120.225,102.05,384 1/4,70.06,893,14.49,562 1/4
1/28/2020,120.7,105.05,386 1/2,70.36,895,14.54,569 3/4
1/27/2020,121.3,106.6,380 1/2,69.51,897 1/4,14.21,572 1/4
1/24/2020,124.3,110.15,387 1/4,69.4,902,14.39,573 1/2
1/23/2020,124.175,112.6,393 3/4,70.03,909 1/2,14.57,580 1/2
1/22/2020,126.775,111,388 3/4,71.13,913 3/4,14.66,577 3/4
1/21/2020,127.225,111.05,387 1/2,69.24,916,14.55,581 1/2
1/17/2020,127.25,112.15,389 1/4,71.25,929 3/4,14.45,570 1/2
1/16/2020,126.425,112.95,375 1/2,70.22,924,14.43,565 1/4
1/15/2020,127.5,114.3,387 1/2,70.32,928 3/4,14.52,573 1/4
1/14/2020,127.875,114.9,389,71.38,942 1/4,14.32,568 1/2
1/13/2020,127.525,114.55,389 1/2,71.53,942 1/4,14.16,562 1/4
1/10/2020,127.95,118.95,385 3/4,71.31,946,14.07,564 1/2
1/9/2020,127.3,117.35,383 1/4,70.69,943 1/2,13.71,562 1/4
1/8/2020,127.05,119.15,384 1/4,69.96,947 1/4,13.47,552 3/4
1/7/2020,127.375,122.4,384 1/2,69.83,944,13.59,550 1/4
1/6/2020,128.1,122.15,384 3/4,70.04,944 3/4,13.73,550
1/3/2020,125.675,126.35,386 1/2,69.2,941 1/2,13.31,554 1/2
1/2/2020,126.475,127.1,391 1/2,69.27,956 1/4,13.13,560 1/4
12/31/2019,127.175,129.7,387 3/4,69.05,955 1/2,13.42,558 3/4
12/30/2019,127.675,132.15,388 1/4,69.56,952 1/2,13.53,556
12/27/2019,127.775,132.5,390,68.92,941 1/2,13.54,556 1/4
12/26/2019,127.65,127.3,388 1/2,68.7,946 1/2,13.44,549
12/24/2019,126.8,129.4,387 1/2,68.7,944 3/4,13.37,541
12/23/2019,126.65,125.3,388 3/4,68.61,942 1/4,13.45,539 1/2
12/20/2019,126.725,130.7,387 3/4,67.96,938 1/4,13.54,542 1/4
12/19/2019,126.75,127.2,386 1/2,67.58,936 1/4,13.55,545 1/4
12/18/2019,127.25,133.2,387,66.74,940 1/2,13.43,548 1/4
12/17/2019,127.325,133.7,390,66.44,940 3/4,13.27,556 1/4
12/16/2019,127.925,138.95,388,66.97,936,13.29,549 3/4
12/13/2019,128.2,130.9,381,66.8,921 1/2,13.5,532 1/2
12/12/2019,126.2,137.25,377 3/4,67.17,912 1/2,13.52,530 1/4
12/11/2019,125.875,135.2,371 1/4,65.88,908,13.42,519 1/4
12/10/2019,125.05,133.3,377,65.93,915 1/2,13.46,523 3/4
12/9/2019,125.4,128.4,375 3/4,65.38,911 3/4,13.38,522 3/4
12/6/2019,125.35,124.8,376 3/4,66,903 3/4,13.18,524 1/2
12/5/2019,125.15,124.85,376 3/4,64.51,898 3/4,13.08,523 3/4
12/4/2019,125,121.25,378 1/2,64.7,892 1/2,13.06,527 1/2
12/3/2019,126.225,123.8,381 1/4,64.05,885 1/2,12.86,525 1/4
12/2/2019,126.2,122,382,64.8,885 1/4,12.75,535 1/4
11/29/2019,126.375,119.05,381 1/4,65.36,891 1/4,12.94,541 3/4
11/27/2019,126.875,118.45,373 1/4,65.81,896 1/2,12.79,526 3/4
11/26/2019,126.1,116.85,378 1/4,65.95,898 3/4,12.78,531
11/25/2019,125.225,118.9,380 3/4,65.8,907,12.82,533
11/22/2019,124.175,115.65,378 1/2,64.85,911 1/4,12.83,518 3/4
11/21/2019,125.775,116.25,379,64.01,915 1/4,12.61,512
11/20/2019,126.25,110.95,377 1/4,64.28,919,12.75,518 3/4
11/19/2019,126.175,106.15,380 3/4,65.35,924 1/2,12.69,515 1/4
11/18/2019,126.4,109.2,377 1/4,65.97,923,12.76,510 3/4
11/15/2019,126.075,109.65,380 3/4,66.69,930 3/4,12.73,506
11/14/2019,126.1,111.5,384 3/4,66.08,929 1/2,12.81,511
11/13/2019,125.675,111.15,384,66.05,928 1/2,12.85,513 3/4
11/12/2019,127.05,108.9,386 1/2,66.5,930 1/4,12.59,521 3/4
11/11/2019,126.95,109.45,382,66.08,930 1/2,12.57,510 1/2
11/8/2019,126.1,112.85,386 1/2,66.57,944,12.57,514 1/4
11/7/2019,125.85,112.6,383 3/4,66.04,948 3/4,12.39,517 1/4
11/6/2019,125.55,111.55,387 3/4,65.27,940 3/4,12.56,521 1/2
11/5/2019,125.825,109.45,391 3/4,65.47,947 1/4,12.71,520 1/4
11/4/2019,125.575,107.25,393 1/2,65.27,951 1/4,12.51,516 1/4
11/1/2019,125.45,107.55,398 1/2,65.64,949 1/4,12.48,521 3/4
10/31/2019,123.95,105.45,398 3/4,65.88,945 1/4,12.48,514 3/4
10/30/2019,124.5,102.8,399 1/2,66.89,943 1/2,12.41,515
10/29/2019,123.525,102.5,396,65.77,946 1/4,12.34,517 1/2
10/28/2019,123.2,103.95,394 1/2,65.78,947 3/4,12.54,518
10/25/2019,122.6,102.85,397 1/2,65.83,946 3/4,12.35,523 1/2
10/24/2019,121.7,99.9,398,65.5,958 1/2,12.3,521 1/4
10/23/2019,122.075,101.2,399 3/4,65.79,959 1/2,12.15,526
10/22/2019,121.075,102.3,400,65.42,959 3/4,12.18,524 1/4
10/21/2019,120.925,99.7,399 1/2,65.34,959,12.27,529 1/2
10/18/2019,120.925,99.1,402 3/4,65.81,959 1/4,12.32,537
10/17/2019,121.4,96.4,406 1/2,65.51,957,12.24,530 1/4
10/16/2019,121.725,97.05,403 1/2,65.19,954 1/2,12.35,518 1/4
10/15/2019,121.65,97.95,404 1/4,64.26,959 1/4,12.59,513 1/4
10/14/2019,121.15,98.45,407 1/2,63.18,965,12.52,516 3/4
10/11/2019,120.2,97.35,407 3/4,64.45,961,12.41,514
10/10/2019,119.5,97.15,391 1/2,62.08,949 1/2,12.41,499 3/4
10/9/2019,119.75,99.1,405 1/2,62.8,949 3/4,12.41,507
10/8/2019,119,99.35,406 1/2,62.03,947,12.46,507 3/4
10/7/2019,118.7,100.65,399,62.57,940 1/2,12.52,496 1/2
10/4/2019,119.225,102.55,397,62.42,940 3/4,12.76,497 1/2
10/3/2019,119.55,105.65,400 3/4,62.36,936 1/2,12.74,496 1/4
10/2/2019,119.4,104.2,399 3/4,61.98,938 1/2,12.89,496 1/4
10/1/2019,118.55,104.95,404 1/2,61.66,941 1/2,12.88,505 3/4
9/30/2019,119.075,104.7,399 1/2,61.55,930,12.65,502 1/2
9/27/2019,118.475,104.45,383 3/4,61.63,910,12.62,493 3/4
9/26/2019,117.425,104.35,384 3/4,60.99,915,12.62,490 1/4
9/25/2019,117.275,104.45,385 1/2,61.17,915,12.66,483 3/4
9/24/2019,116.85,102.6,385 1/2,61.19,919,12.41,488 1/2
9/23/2019,116.9,102.5,384 1/4,61.68,917,12.21,490
9/20/2019,115.625,101.9,381 3/4,61.17,908 3/4,12.07,491
9/19/2019,115.9,101.95,384,61.06,918 1/4,12,494 1/4
9/18/2019,115.575,103.95,382 1/2,61.22,915 1/4,12.07,495 3/4
9/17/2019,115.075,103.95,380,61.86,919 1/2,12.1,490 3/4
9/16/2019,114.375,107.85,386,62.96,925 3/4,12.26,495 1/4
9/13/2019,115.05,106.3,381 1/2,62.78,924,11.94,489 1/2
9/12/2019,115.2,107.15,379 3/4,62.58,921 1/4,11.84,489 1/4
9/11/2019,114.225,106.9,372 1/4,60.06,894,11.85,484
9/10/2019,112.875,105,374 1/2,59.99,899,11.89,487 1/2
9/9/2019,111.175,101.65,367 1/4,59.59,885 3/4,11.9,479
9/6/2019,110.85,100.45,368 3/4,59.31,886,11.97,470 1/2
9/5/2019,111.875,98.8,371 3/4,59.82,888 3/4,11.97,472 1/2
9/4/2019,111.825,100.05,371 3/4,58.83,901 3/4,12.04,467
9/3/2019,111.175,99,374 1/4,58.56,895,12.17,459 3/4
8/30/2019,111.175,100.3,382 1/4,59.44,894 1/4,12.23,470
8/29/2019,112.4,98.8,383 1/4,59.65,894,12.31,478 1/4
8/28/2019,111.975,101.05,381 3/4,59.42,892,12.48,480 3/4
8/27/2019,112.475,100.75,377 3/4,58.73,886 1/4,12.35,481 3/4
8/26/2019,113.175,101.1,380 1/2,58.74,893 1/2,12.48,481 1/2
8/23/2019,111.9,99.65,380,59.15,885 1/4,12.52,483 1/2
8/22/2019,113.5,100.9,383,59.86,895 1/2,12.65,477 3/4
8/21/2019,112.8,100.3,382 1/2,60.66,900 1/4,12.48,474 1/2
8/20/2019,111.85,98.8,381 1/4,60.08,895 1/4,12.52,474 1/4
8/19/2019,111.35,98.4,387,60.05,893 3/4,12.54,479 1/2
8/16/2019,111.3,99.9,392 3/4,60.72,906 1/2,12.69,484
8/15/2019,112,101.5,383 1/2,60.24,897,12.68,481
8/14/2019,111.9,101.5,383 1/4,60.24,903 3/4,12.64,484
8/13/2019,110.175,103.3,390,60.05,914,12.77,483 1/4
8/12/2019,114.675,100.95,403 1/4,58.9,905 1/4,12.67,484
8/9/2019,117.675,104.25,428 1/4,59.86,916,12.95,509
8/8/2019,117.8,104.35,428 1/2,60.42,907 1/2,12.56,508
8/7/2019,117.275,103.85,423 3/4,59.89,891 3/4,12.48,500
8/6/2019,116.825,104.15,422,59.97,890 3/4,12.77,496
8/5/2019,117.775,102.75,425 1/2,59.72,893 3/4,12.86,503 3/4
8/2/2019,117.175,105.25,420 1/2,60.71,894 1/4,13.03,500 1/2
8/1/2019,118.45,104.5,413 1/4,63.56,891 3/4,13.14,491 3/4
7/31/2019,118.125,107.05,420 1/2,64.68,908 1/2,13.2,504 1/4
7/30/2019,119.1,106.8,431,64.28,922 1/4,13.12,512 1/2
7/29/2019,119.4,108.5,436 3/4,65.19,929 1/4,13.05,518
7/26/2019,119.775,107.1,434 1/2,65.46,925 3/4,13.02,515 1/4
7/25/2019,119.65,108.05,437 1/4,65.15,924 1/2,12.98,518 1/4
7/24/2019,119.725,108.4,439 3/4,65.12,931,13.03,518 1/2
7/23/2019,119.65,109.85,440 1/2,64.52,926 1/4,12.96,510 3/4
7/22/2019,119.4,112.65,435 3/4,64.15,928 1/4,12.58,511 1/2
7/19/2019,118.775,114.8,444,63.98,940 1/2,12.62,525 1/4
7/18/2019,118,116.15,438 1/4,62.88,921 1/4,12.62,517 3/4
7/17/2019,118.85,114.85,448 3/4,63.62,922 1/2,12.85,529 3/4
7/16/2019,119.575,112.95,448 1/2,64.28,927 1/2,13.03,531 1/2
7/15/2019,120.025,117.65,453 3/4,65,941,13.12,533
7/12/2019,120.125,114.05,465,63.74,952,13.3,547 1/2
7/11/2019,119.85,114.35,454 1/2,64.2,938 1/2,13.38,544 3/4
7/10/2019,119.775,113.4,446 1/4,65.06,934 1/4,13.47,529 1/2
7/9/2019,119.925,114.9,444 1/2,64.67,925 3/4,13.34,528 3/4
7/8/2019,118.525,113.8,450 1/2,66.7,918 3/4,13.41,535 1/4
7/5/2019,118.3,118.3,449,67.82,915 1/4,13.3,537 1/4
7/3/2019,117.15,120.85,448 1/4,68.11,929,13.42,537 1/4
7/2/2019,116.625,116.9,434 3/4,68.1,919 1/2,13.27,528 3/4
7/1/2019,116.85,118.5,431 3/4,67.42,928 3/4,13.47,536
6/28/2019,116.225,116.6,439 1/2,66.69,941 1/2,13.55,548 3/4
6/27/2019,116.125,113.85,456 3/4,66.89,931 3/4,13.64,565 3/4
6/26/2019,116.575,113.2,459 1/2,67.05,936 3/4,13.24,565 1/4
6/25/2019,115.3,114.65,462,66.47,944 1/4,13.48,560
6/24/2019,114.975,110.1,463,66.44,952,13.41,562 1/4
6/21/2019,115.3,107.8,459 1/4,66.39,947,13.44,551 3/4
6/20/2019,115.75,108.8,466 1/4,66.76,960 1/4,13.62,552 1/4
6/19/2019,116.625,104.95,458 3/4,67.49,947 1/2,13.67,546 1/2
6/18/2019,117.325,103.8,468 1/4,67.19,955 3/4,13.74,558 1/4
6/17/2019,116.45,105.5,473,66.87,954 1/2,13.71,564 1/4
6/14/2019,116.175,105.35,467 1/2,66.38,941,13.77,563
6/13/2019,116.85,107.2,461,67,934,13.71,559 3/4
6/12/2019,117.65,108.8,456 1/4,66.58,926 1/4,13.66,552 1/2
6/11/2019,118.925,106.9,455 1/2,65.91,910 1/2,13.67,542
6/10/2019,118.35,108.5,443 1/2,66.41,909,13.54,536 1/2
6/7/2019,116.475,110.9,442 1/2,66.14,905 1/2,13.63,534
6/6/2019,117.55,111.75,446 3/4,67.23,916 1/4,13.59,536 1/2
6/5/2019,117.25,108.95,442,67.4,917 3/4,13.4,523 1/4
6/4/2019,116.2,115.2,452 3/4,67.87,927 3/4,13.47,541 1/2
6/3/2019,114.775,113.45,450 3/4,68.67,924,13.37,551 1/4
5/31/2019,115.075,114.1,451 1/2,67.74,921 3/4,13.34,536 1/4
5/30/2019,116.45,111.5,459 1/4,68.94,931 3/4,13.18,548 1/2
5/29/2019,118.825,108.7,444 1/2,68.59,915 1/2,13.24,525
5/28/2019,118.05,105.25,446 1/2,69.01,901 1/2,13.12,535 1/4
5/24/2019,118.25,102.55,429 1/4,68.34,876,13.11,522 1/4
5/23/2019,118.625,102.75,419 1/4,67.56,869 1/2,13,506
5/22/2019,118.575,101.15,422 3/4,67.01,875 1/4,13.06,507
5/21/2019,118.8,102.1,420,67.61,868 1/2,13.15,509 3/4
5/20/2019,119.1,99.35,414 1/4,68.48,878 1/4,13,510 1/4
5/17/2019,119.5,98.35,407 3/4,67.38,868,12.93,496 3/4
5/16/2019,118,100.85,406 1/2,68.15,885 3/4,13.15,498 3/4
5/15/2019,116.675,100.5,400 1/2,67.82,881 1/2,13.17,484 1/2
5/14/2019,116.4,100.4,399 1/2,68.08,879 1/4,13.26,484 1/2
5/13/2019,116.725,99.1,390,67.62,852 3/4,13.19,473 1/2
5/10/2019,118.175,100.2,386 1/4,70.37,857 3/4,13.06,463
5/9/2019,116.125,100.1,386 3/4,71.44,859 1/4,13.09,467 1/2
5/8/2019,116.15,97.85,395,73.23,872 1/4,13.04,475 1/2
5/7/2019,117.3,97.5,396 1/2,73.27,873 1/4,13.29,477 3/4
5/6/2019,117,99.7,395,73.64,874 1/2,13.31,478
5/3/2019,118,100.1,399 3/4,75.03,883 1/2,13.39,479 1/2
5/2/2019,119.125,101.3,399 1/4,75.07,883 1/2,13.54,483 1/2
5/1/2019,120.25,100.75,400,75.99,892 1/4,13.57,476
4/30/2019,120.6,102.5,396,76.15,893 3/4,13.7,472 1/4
4/29/2019,121.3,102.15,395 3/4,76.07,899 1/4,13.68,477 3/4
4/26/2019,121.725,103.8,395 1/2,76.53,906 1/4,13.89,483 3/4
4/25/2019,121.925,103.2,392 1/2,76.84,912,13.89,482
4/24/2019,124.125,102.2,391,76.48,907 3/4,14.08,479 1/2
4/23/2019,125.95,103.05,394 1/2,77.22,915,14.05,485
4/22/2019,126,102.75,396 1/2,77.31,927 1/2,13.96,482 1/2
4/18/2019,126.9,102.95,400 1/4,77.09,930 3/4,14.14,487 3/4
4/17/2019,126.925,99.95,400 3/4,77.36,929 1/2,13.78,491 1/2
4/16/2019,126.375,103.2,401 1/2,77.02,937 1/2,13.93,491 1/2
4/15/2019,125.85,104.1,404 1/2,76.25,946 1/2,13.98,504 1/4
4/12/2019,125.575,103.25,403,77.53,943 3/4,14.08,506 1/4
4/11/2019,124.85,103.05,402 1/4,77.13,944 1/2,13.99,504 1/2
4/10/2019,124.55,106.7,404 1/2,77.54,950 1/2,14.13,501 1/4
4/9/2019,125.175,106,403 1/2,77.38,948,14.07,503 1/4
4/8/2019,125.5,105.6,402 3/4,77.53,948 1/4,13.87,506
4/5/2019,124.6,105.8,403,77.25,949,14.06,505 3/4
4/4/2019,124.9,107.8,406,76.69,954 3/4,13.96,508 3/4
4/3/2019,123.25,108.1,405,76.68,947 3/4,13.73,508 1/2
4/2/2019,123.1,104.65,403 3/4,76.74,948 1/4,13.95,503 1/4
4/1/2019,123.8,105,401 1/2,76.63,943,13.94,503 1/2
3/29/2019,123.25,107.4,397,76.1,933 1/2,13.8,497 3/4
3/28/2019,123.6,107.1,408 1/2,75.6,937,13.77,506 1/4
3/27/2019,123.625,106.95,408 1/4,76.24,937 1/4,13.81,509 3/4
3/26/2019,123.85,108.35,410 1/4,76.68,947 1/2,13.88,510
3/25/2019,124.275,107.35,411 3/4,76.45,952 1/2,13.86,511 3/4
3/22/2019,124.875,107.1,410 1/4,76.09,949 3/4,13.94,508
3/21/2019,124.475,108,409,76.05,958 3/4,13.99,507 3/4
3/20/2019,123.5,107.95,406 1/2,75.73,955,14.17,506 3/4
3/19/2019,122.625,109.85,406,75.7,953 3/4,14.17,499 1/4
3/18/2019,122.175,109.85,405 3/4,75.54,953 1/4,14.2,499 3/4
3/15/2019,122.125,110.7,407,75.36,956 1/2,13.92,504
3/14/2019,121.35,110.1,405,75.02,948 3/4,13.74,495 1/2
3/13/2019,120.825,110.75,403 3/4,75.44,952,13.71,491 3/4
3/12/2019,120.75,109.3,403 1/2,75.12,948 1/2,13.71,495 1/2
3/11/2019,121.5,110.5,398 1/2,74.44,942,13.68,474
3/8/2019,121.5,111.65,400,74.4,946,13.55,485
3/7/2019,121.075,110,400 1/4,74.37,950 3/4,13.56,484
3/6/2019,120.65,111.6,405 3/4,74.44,953 3/4,13.54,493
3/5/2019,120.7,112.5,408 1/4,74.63,965,13.72,503
3/4/2019,120.825,110.2,406 1/4,74.26,966 1/4,13.74,497 1/4
3/1/2019,120.85,113,404 3/4,74.89,961,13.99,501
2/28/2019,120.675,111.4,402 3/4,74.48,959,14.19,504 1/2
2/27/2019,120.925,112.2,405 1/4,74.07,964,14.32,509
2/26/2019,120.725,110.05,407,73.78,964,14.2,512
2/25/2019,120.4,112.9,408 1/2,74.68,969 1/2,14.35,512 1/2
2/22/2019,120.475,112.9,411 3/4,74.64,968 3/4,14.57,528 1/2
2/21/2019,120.3,112.45,411 3/4,74.97,968 1/2,14.5,528 3/4
2/20/2019,120.075,114.45,408 1/2,74.25,963 1/4,14.58,524 1/2
2/19/2019,120.075,113.9,406,74.02,960 1/2,14.45,531 1/2
2/15/2019,119.775,114.55,408 1/4,74,966 1/4,14.25,543 1/4
2/14/2019,120,114.3,408 1/2,73.9,962 1/4,13.77,546
2/13/2019,119.85,115.25,411,73.78,973 1/4,13.88,556 3/4
2/12/2019,120.275,116.6,411,73.52,975,13.94,554 1/2
2/11/2019,120.05,116.3,407,73.94,964 1/4,13.87,553 1/4
2/8/2019,119.7,118.5,408 3/4,75.24,971,14.01,551 1/2
2/7/2019,119.35,120.05,409 1/4,75.94,970 1/4,14.06,552 1/2
2/6/2019,119.125,121.35,412,75.91,976 1/2,14.18,559
2/5/2019,119.075,120.8,412 1/4,75.65,973 1/4,14.08,556
2/4/2019,118.875,121.75,411 1/4,75.27,971 1/4,14.07,561
2/1/2019,118.25,120,411 1/4,75.36,971,13.93,561 1/4
1/31/2019,118.15,122.15,409 1/4,75.1,969 3/4,14.1,559 1/2
1/30/2019,119.175,118.6,412 3/4,75.33,973 1/4,13.99,560 1/2
1/29/2019,119.1,119.05,410,75.17,972,14.04,558 1/4
1/28/2019,119,118.95,411 1/2,75.21,976,14.1,563 1/4
1/25/2019,118.7,122.9,412,75.33,978,13.79,563
1/24/2019,119,121.35,409 1/4,74.96,972 1/4,14.27,564 1/4
1/23/2019,118.725,119.7,411,75.09,972 1/4,14.2,567 1/2
1/22/2019,118.125,119.8,409 3/4,75.13,968,14.15,564
1/18/2019,118.75,121.05,412 3/4,75.69,972 1/2,14.24,559 1/2
1/17/2019,118.225,118.6,412 1/2,75.96,965 1/4,14.08,559
1/16/2019,118.75,118.75,409,75.31,957,14.3,554 3/4
1/15/2019,118.975,117.95,406,74.6,957,14.18,552 3/4
1/14/2019,118.825,119.7,411 1/4,75.26,966,13.87,556 1/2
1/11/2019,119,120.65,410 3/4,74.79,971 1/4,13.87,561
1/10/2019,118.9,121.15,408,75.3,967,13.81,556 1/4
1/9/2019,118.725,121.95,413,75.37,981 1/4,14.07,562 1/2
1/8/2019,118.4,121.3,411 1/2,74.47,976,13.94,561 1/4
1/7/2019,117.825,118.9,413,75.3,978,13.73,558 3/4
1/4/2019,117.2,117.85,413 1/4,75.03,975,13.09,564 1/2
1/3/2019,117.875,118.4,410 1/4,73.88,967,12.95,562 3/4
1/2/2019,118,115.85,407 1/4,73.53,963,13.11,557
12/31/2018,118.05,118.15,407,74.26,953 3/4,13.15,553 1/2
12/28/2018,118.1,117.2,406 3/4,74.19,954,13.43,560 1/2
12/27/2018,118.325,118.1,405 3/4,73.98,944,13.33,560 1/2
12/26/2018,117.75,120.05,405,74.68,943 1/4,13.43,559 1/4
12/24/2018,117.675,118.55,408,74.3,954,13.44,564 3/4
12/21/2018,117.5,116.1,408 3/4,74.9,954,13.41,561 3/4
12/20/2018,118.125,118.8,406,75.89,959,13.47,569 3/4
12/19/2018,118.4,117.05,411 1/4,76.84,965 1/2,13.49,566 3/4
12/18/2018,118.15,115.6,413 1/2,77.3,972 1/4,13.39,573
12/17/2018,117.625,116.3,412 1/4,77.76,969 1/2,13.55,574
12/14/2018,118.5,118.2,412 3/4,78.08,967,13.67,568 1/2
12/13/2018,118.75,119.95,412 3/4,78.09,971 1/4,13.68,573 3/4
12/12/2018,118.7,118.85,412 3/4,78.41,981,13.71,567 1/4
12/11/2018,118.375,118.4,412 3/4,78.52,977 1/2,13.78,567 3/4
12/10/2018,117.775,121,411,78.31,973 1/2,13.71,568 1/2
12/7/2018,118.05,119.85,411 3/4,78.63,977,13.84,570 1/2
12/6/2018,118.15,121.7,410 1/2,78.17,970 3/4,13.59,557
12/5/2018,118.45,121.35,411,78.98,971 3/4,13.67,558 1/2
12/4/2018,117.85,122.4,411 1/2,78.65,971 3/4,13.71,563
12/3/2018,118,123.25,411 1/4,78.71,967 1/4,13.86,566 3/4
11/30/2018,118.7,123,408 3/4,77.82,956 1/4,13.81,559 1/4
11/29/2018,118.7,127.5,405 1/2,77.56,951 1/4,13.77,553 3/4
11/28/2018,119.625,129.05,405 1/2,77.75,955 3/4,13.76,558 1/4
11/27/2018,119.6,128.5,402,77.28,945 3/4,13.4,553
11/26/2018,119.6,126.2,402,77.71,935 3/4,13.46,559 1/2
11/23/2018,119.575,126.3,404 3/4,77.28,949 1/4,13.45,556 3/4
11/21/2018,119.5,129.25,405 1/2,77.78,949 1/4,13.59,558 1/4
11/20/2018,118.775,130.1,405,77.29,947 1/2,13.46,561
11/19/2018,118.65,131.8,405 1/2,77.79,940 1/4,13.71,561
11/16/2018,119,131.3,407 1/4,77.82,955,13.66,567 1/2
11/15/2018,118.7,128.8,407 3/4,77.75,954 3/4,13.63,567 3/4
11/14/2018,118.9,131.3,407 3/4,77.95,954 1/2,13.63,569 1/4
11/13/2018,119,128.1,408 3/4,77.63,948 1/4,13.63,574 1/4
11/12/2018,119,129.2,412 1/2,78.1,952 1/2,13.93,579 3/4
11/9/2018,118.5,132.55,411 1/4,78.77,953 3/4,13.75,565 1/2
11/8/2018,118.85,135.05,413 3/4,78.88,948 3/4,13.85,578 3/4
11/7/2018,118.875,134.15,411,78.62,946 3/4,13.93,579 1/4
11/6/2018,119.25,132.3,412 3/4,78.51,951,13.91,580 3/4
11/5/2018,119.375,135.2,413 1/4,78.94,951 3/4,14.07,577
11/2/2018,120,137.95,412 1/2,79.03,949 1/4,14.31,580 3/4
11/1/2018,119.325,135.55,408 1/2,79.06,947,13.99,581 3/4
10/31/2018,118.75,130.45,406 3/4,77.68,922 1/2,14.07,572 3/4
10/30/2018,,130.2,408 1/4,77.59,919,14.19,575 3/4
10/29/2018,,131.9,410,77.43,924,14.32,582 1/2
10/26/2018,,137.15,411 1/4,77.92,928 1/4,14.6,582 1/4
10/25/2018,,138.8,405 1/2,77.83,926 1/4,14.66,568
10/24/2018,,137.8,410 1/2,77.76,935,14.71,577 3/4
10/23/2018,,138.55,411 1/4,78.23,938 1/4,14.61,584 3/4
10/22/2018,,135.2,410 1/4,78.33,938 1/4,14.62,583 1/4
10/19/2018,,139.6,409,77.43,936 3/4,14.74,587 1/2
10/18/2018,,139.5,411 1/4,77.57,943 3/4,14.58,589 1/2
10/17/2018,,139.85,413,77.66,962 3/4,14.49,591 1/4
10/16/2018,,134.9,414,77.56,963 3/4,14.23,596 1/4
10/15/2018,,136.45,416 1/2,77.49,968 3/4,14.37,598 1/4
10/12/2018,,133.75,413 1/2,77.75,951 1/2,14.04,595 1/4
10/11/2018,,130.15,411,76.99,944 1/2,13.98,588 1/2
10/10/2018,,129.15,406 1/4,76.74,937,13.93,588 3/4
10/9/2018,,130.4,407,76.73,948 1/2,14.02,593 1/2
10/8/2018,,129.1,409,77.09,952,13.94,592 1/4
10/5/2018,,126.15,409 3/4,76.56,953 3/4,13.66,597 1/2
10/4/2018,,124.05,409 1/4,76.35,944 3/4,13.47,595 3/4
10/3/2018,,123.7,408,76.52,946 1/2,13.42,592 3/4
10/2/2018,,124.65,409 1/2,76.51,948 3/4,13.19,595
10/1/2018,,119.45,408 3/4,76.69,939,12.75,583 1/4
9/28/2018,,119.65,401 1/4,76.56,929 3/4,12.39,578 1/2
9/27/2018,,116.45,407 1/2,76.84,936 3/4,12.17,579 1/2
9/26/2018,,114.95,406 1/4,77.03,931 1/2,12.2,584
9/25/2018,,114.5,407,77.4,930,12.32,587 1/2
9/24/2018,,115.9,405,76.96,928 1/4,12.42,593 1/4
9/21/2018,,117.25,404 1/4,77.4,929 1/2,12.77,590 3/4
9/20/2018,,116.9,400 3/4,76.86,928 1/4,12.75,590 1/4
9/19/2018,,114,396 3/4,76.84,909 1/4,12.71,588 1/2
9/18/2018,,113.15,395 1/4,76.5,898 3/4,12.6,580 1/4
9/17/2018,,114.75,398 1/2,77.73,907,12.77,579 1/4
9/14/2018,,117.1,400 3/4,77.91,908,13.09,585
9/13/2018,,117.95,400,78.01,908,13.32,577
9/12/2018,,119.3,400,78.07,912,13.37,580 3/4
9/11/2018,,117.75,407 1/4,78.3,901 3/4,13.18,588 3/4
9/10/2018,,118.6,408 1/4,78.98,914 3/4,13.09,595
9/7/2018,,119.65,407,78.04,915,12.89,578 1/4
9/6/2018,,119.35,407,77.58,910 1/4,12.74,583
9/5/2018,,120.75,406 1/4,78.03,908 1/4,12.87,592
9/4/2018,,118.5,408,78.3,913,12.43,590 1/4
8/31/2018,,118.85,406,78.61,913 1/4,12.43,596
8/30/2018,,119.85,400 1/2,78.43,900 3/4,12.35,588 1/2
8/29/2018,,120.2,401 1/2,78.55,906 1/2,12.26,592 1/2
8/28/2018,,120.35,400 1/4,78.11,904,12.31,580 1/4
8/27/2018,,122.85,404,77.98,911 1/2,12.41,582
8/24/2018,,121.8,404,77.06,914,12.29,591
8/23/2018,,118.75,402 3/4,77.21,912,12.31,594 1/4
8/22/2018,,118.3,407 1/4,77.33,927 1/2,12.42,596 1/4
8/21/2018,,119.2,411 1/2,77.77,937 3/4,12.44,597 1/2
8/20/2018,,118.35,413 1/4,77.94,941,12.44,608 1/4
8/17/2018,,121.65,414 3/4,77.42,940 3/4,12.51,617 1/4
8/16/2018,,122.25,415 3/4,77.44,945 3/4,12.56,610 3/4
8/15/2018,,123,413 1/2,76.84,925 1/4,12.57,600 3/4
8/14/2018,,125.35,414 1/4,77.98,928 3/4,12.62,608 3/4
8/13/2018,,126.5,409 1/2,78.09,921 3/4,12.71,604
8/10/2018,,127.15,411,79.94,919,12.84,613 1/4
8/9/2018,,127.65,419 1/4,80.77,949 1/4,13.13,624 1/4
8/8/2018,,128.1,419 3/4,80.63,955 3/4,13.02,630
8/7/2018,,129.25,420 3/4,80.98,949,13.16,626
8/6/2018,,129.3,421 1/2,81.28,938 1/2,13.06,631
8/3/2018,,128.45,420 1/2,81.36,945 1/2,13,619 1/4
8/2/2018,,127.5,418 1/4,81.43,941 3/4,12.76,619
8/1/2018,,128.4,413 1/2,80.87,943,12.64,618 1/2
7/31/2018,,130.15,417 3/4,81.12,953 1/4,12.78,615
7/30/2018,,131.55,414 3/4,80.71,932,12.99,609 3/4
7/27/2018,,130.85,411 1/2,80.35,927,13.02,597 1/4
7/26/2018,,130.2,411 1/2,80.49,919 1/2,13.11,600 1/2
7/25/2018,,131.7,410 3/4,80.41,922 1/2,13.17,606 3/4
7/24/2018,,131.7,405 1/4,80.12,918,13.04,589
7/23/2018,,132.4,409,80.32,909 1/4,12.91,591
7/20/2018,,131.45,406 3/4,80.19,909 1/2,12.93,590
7/19/2018,,129.8,404 3/4,80.58,907 1/2,12.75,581 1/4
7/18/2018,,129.3,403 1/4,80.94,902,12.87,573 3/4
7/17/2018,,130.2,403 1/4,80.78,900 1/4,12.92,572 1/2
7/16/2018,,131.35,401 1/2,80.78,896,12.92,568
7/13/2018,,130.85,400,81.25,887,12.75,574 3/4
7/12/2018,,132.5,403 1/4,81.3,896,12.89,567 3/4
7/11/2018,,133.15,397 1/2,78.33,895,12.98,561 3/4
7/10/2018,,135.55,401 1/2,79.83,912 1/2,13.1,574 1/2
7/9/2018,,135.65,404,79.83,908 1/2,13.09,584 1/4
7/6/2018,,134.75,408 3/4,78.84,924,13.17,587 3/4
7/5/2018,,130.15,402 1/2,76.35,895,13.11,574 3/4
7/3/2018,,132.15,401 3/4,76.66,901 3/4,13.15,564 3/4
7/2/2018,,132.25,397 1/2,76.62,904 3/4,13.34,560
6/29/2018,,135.05,404,77.1,909,13.82,576 3/4
6/28/2018,,135.55,399 1/2,77.28,911 3/4,13.69,562 1/4
6/27/2018,,137,405 3/4,78.2,915 1/4,13.58,568
6/26/2018,,137.2,407 1/4,78.15,913 1/2,13.88,568
6/25/2018,,136.75,406,78.4,917 1/2,13.81,575 1/2
6/22/2018,,136.45,409 3/4,78.62,934 3/4,13.8,584 1/4
6/21/2018,,135.75,409 3/4,78.15,926 3/4,13.64,584 1/2
6/20/2018,,135.95,409 1/2,78.19,935 1/4,13.66,581 1/4
6/19/2018,,135.85,408 1/2,78.22,932 1/4,13.65,577
6/18/2018,,135.75,407 3/4,80.51,943 3/4,13.75,586 3/4
6/15/2018,,136.6,411,82.36,945,13.76,595 3/4
6/14/2018,,136.95,410 3/4,84.02,955 1/4,13.91,603 1/2
6/13/2018,,137.5,419 1/2,84.04,964 1/2,14.01,615
6/12/2018,,138.1,419 3/4,82.97,975 3/4,14.02,625 1/2
6/11/2018,,137.6,413 3/4,82.69,973 1/4,14.03,610 3/4
6/8/2018,,137.9,420 1/2,83.02,982,13.95,613
6/7/2018,,136.6,419 3/4,83.18,989 1/4,13.67,616 1/2
6/6/2018,,139.2,420 1/2,81.34,995 1/4,14.02,613 1/4
6/5/2018,,140.3,419 3/4,80.95,997,14.07,608 1/4
6/4/2018,,141.95,419 1/4,81.3,993,13.97,604 1/4
6/1/2018,,143,424 1/4,81.02,1003 1/2,14.25,613 3/4
5/31/2018,,144,424 1/2,80.07,999 1/4,14.43,611 1/4
5/30/2018,,140.55,423 3/4,80.1,997,14.24,606 1/2
5/29/2018,,140.55,427,81.37,996,14.16,613 1/2
5/25/2018,,140.85,431 1/4,79.35,1004 3/4,14.3,619 3/4
5/24/2018,,141.2,428 3/4,78.31,1001 3/4,14.26,611
5/23/2018,,140.05,430,78.45,1005,14.26,615 3/4
5/22/2018,,141.6,428,78.48,997 3/4,14.08,612 1/4
5/21/2018,,140.8,427 1/2,78.77,995,13.81,601 1/4
5/18/2018,,139.05,426 1/2,77.03,977,13.76,605
5/17/2018,,138.9,422 3/4,76.2,980 3/4,13.83,588 1/4
5/16/2018,,138.2,425,75.39,982 3/4,13.89,583 1/2
5/15/2018,,138.15,424 3/4,75.05,984 1/2,13.87,584 1/4
5/14/2018,,138.9,424,75.01,984 1/4,13.83,587 3/4
5/11/2018,,140.55,424 1/2,75.02,983 3/4,13.91,594
5/10/2018,,140.6,426 1/4,75.31,986 3/4,14.09,597
5/9/2018,,140,427 3/4,74.96,981 3/4,14.06,603
5/8/2018,,140.65,427 3/4,75.16,985 1/4,14.26,604 3/4
5/7/2018,,141.8,426,75.1,983,14.14,603
5/4/2018,,143.45,429,74.45,995,14.2,610 3/4
5/3/2018,,144.85,429,74.06,998 1/4,14.37,616 1/2
5/2/2018,,144.45,428,73.96,997 3/4,14.31,613 1/4
5/1/2018,,145.55,428 3/4,73.86,1006 1/4,14.41,609 1/2
4/30/2018,,143.15,425 3/4,73.73,999 1/2,14.3,600
4/27/2018,,142.9,424 3/4,73.83,999 1/2,14.19,597 1/2
4/26/2018,,140.25,422 3/4,73.89,991,14.13,590 1/4
4/25/2018,,139.7,423 1/4,73.84,992,13.93,598 1/2
4/24/2018,,141.15,419 3/4,73.6,990,14.08,585 1/4
4/23/2018,,140,418,73.87,993 3/4,14.12,578 3/4
4/20/2018,,138.95,416 3/4,74.03,995 1/4,14.33,581
4/19/2018,,137.65,420 3/4,74.11,1000 3/4,14.47,592
4/18/2018,,138.25,420,73.97,999 1/2,14.48,590 1/2
4/17/2018,,138,418 1/2,73.84,994 3/4,14.31,583
4/16/2018,,138.2,419,73.56,992 1/2,14.6,581 1/4
4/13/2018,,140.35,422 1/2,73.56,997 1/2,14.67,588 1/2
4/12/2018,,140.5,423 3/4,73.48,1000,14.66,594
4/11/2018,,141.05,423 1/2,73.28,1002 1/2,14.66,600 3/4
4/10/2018,,140.6,423 1/2,73.28,1003 3/4,14.79,602 3/4
4/9/2018,,141.5,424 1/4,73.44,998 1/4,14.97,601 3/4
4/6/2018,,140.6,425 1/4,73.4,995 1/2,14.97,587 3/4
4/5/2018,,141.2,424 3/4,73.38,996,15.13,581 1/4
4/4/2018,,140.65,417 1/2,73.18,988 1/2,15.16,572 1/2
4/3/2018,,139.9,422 1/2,73.05,1000 3/4,15.25,572
4/2/2018,,139.45,422 1/2,73.03,1000 3/4,15.27,562 3/4
3/29/2018,,141,420 1/2,73.06,1009 1/2,15.32,568 1/4
3/28/2018,,140.65,414,73.1,993 1/4,15.3,565 1/2
3/27/2018,,141.75,415,73.39,996 3/4,15.28,569 1/4
3/26/2018,,141.25,415 1/4,73.48,1001 1/4,15.14,574 1/2
3/23/2018,,140.4,416 3/4,73.59,1001 3/4,15.17,578 1/2
3/22/2018,,141.65,415 1/2,73.84,1002 3/4,15.26,573 1/2
3/21/2018,,141.6,413 1/2,73.62,1003,15.22,570
3/20/2018,,141.65,414,73.28,1004,15.16,568 1/2
3/19/2018,,141.8,414,73.39,1002 1/4,15.33,568 1/4
3/16/2018,,140.9,417 3/4,73.73,1010,15.16,581 1/2
3/15/2018,,141.95,419 3/4,73.59,1004 3/4,15.25,587 3/4
3/14/2018,,143.65,422 1/4,73.48,1003,15.25,596 1/2
3/13/2018,,143.8,423 1/4,73.62,1014 1/4,15.31,593 1/2
3/12/2018,,141.8,422 1/4,73.42,1009,15.4,594 1/4
3/9/2018,,142.15,424 1/2,73.32,1001 3/4,15.32,593 1/4
3/8/2018,,142.55,422 3/4,72.98,1012 1/2,15.29,598 3/4
3/7/2018,,142.75,421 1/4,72.92,1012 1/2,15.12,594
3/6/2018,,143.15,420 3/4,72.96,1012 1/4,15.59,598
3/5/2018,,143.05,420 1/4,72.86,1004 3/4,15.64,598
3/2/2018,,143.8,419 1/4,72.44,1000 3/4,15.51,590
3/1/2018,,144.7,420 1/2,72.82,1005 3/4,15.48,597
2/28/2018,,143.2,418 3/4,72.2,1005 1/2,15.34,578 1/4
2/27/2018,,142.85,419 1/2,72.33,1006 1/4,15.05,573
2/26/2018,,143.55,418,71.9,1007 3/4,15.33,573 3/4
2/23/2018,,142.45,417,71.95,1007 1/4,15.32,567 1/2
2/22/2018,,142.5,417 1/4,71.96,1004 3/4,15.42,566
2/21/2018,,141.4,416 3/4,72.06,1005 3/4,15.31,562 1/4
2/20/2018,,142.1,417,72.12,1005 1/4,15.26,567
2/16/2018,,142.5,418,71.92,1003,15.21,572 3/4
2/15/2018,,145.75,417,71.88,1003 3/4,15.39,574
2/14/2018,,146.35,416 3/4,71.68,999 1/4,15.23,571
2/13/2018,,146.35,416 3/4,71.99,1002 3/4,15.39,573 1/2
2/12/2018,,144.9,417 1/2,71.81,1002 3/4,15.57,577 3/4
2/9/2018,,145.05,414 1/2,71.59,996,15.53,565 1/4
2/8/2018,,146.8,416 1/4,71.31,1000 1/4,15.61,573 1/4
2/7/2018,,147.45,416 1/2,71.48,996 3/4,15.84,573 1/2
2/6/2018,,147.25,415 3/4,71.29,1000 3/4,15.83,562 1/4
2/5/2018,,144.4,413 1/4,71.47,989,15.7,558 3/4
2/2/2018,,145.25,415 1/4,71.66,994,15.65,561 1/4
2/1/2018,,146.2,416 1/4,71.81,999 3/4,15.57,564 1/2
1/31/2018,,146.65,416 1/2,71.81,1004 1/4,15.51,564 1/2
1/30/2018,,147.1,416,71.66,1007,15.76,569
1/29/2018,,149.3,414 3/4,71.99,1004,15.69,561 1/4
1/26/2018,,149.8,413 1/2,72.23,1001 1/2,15.53,553 1/2
1/25/2018,,148.55,413,72.36,1004 3/4,15.4,547 1/2
1/24/2018,,147.45,414 1/4,72.29,1003 3/4,15.27,546 1/2
1/23/2018,,145.8,411 1/4,71.73,1001 1/4,15.44,540 1/4
1/22/2018,,147.4,412 1/4,72.29,999,15.37,542 3/4
1/19/2018,,146.2,412 1/4,72.23,996,15.29,539 3/4
1/18/2018,,146.05,412,71.73,995 3/4,15.12,540 3/4
1/17/2018,,147.7,413,71.81,991 3/4,15.24,532 1/4
1/16/2018,,145.5,408 1/2,72.15,991 3/4,15.41,531
1/12/2018,,147.6,406 1/2,72.36,989,15.75,536 1/4
1/11/2018,,148,408 3/4,72.15,977,15.79,544 1/4
1/10/2018,,148.85,408 3/4,71.78,978 3/4,16.04,547 1/4
1/9/2018,,149.95,408 3/4,71.73,985 3/4,16.05,545 1/2
1/8/2018,,149.95,407 1/2,71.68,986 3/4,15.99,542 1/4
1/5/2018,,153.05,410,71.45,988,16.12,543 3/4
1/4/2018,,154.4,410 1/2,71.52,986 1/4,16.19,547 3/4
1/3/2018,,153.6,412,71.56,987,16.2,548
1/2/2018,,154.55,411 1/4,71.41,986 1/4,16.14,545 3/4
12/29/2017,,151.1,408 1/4,71.29,981 1/4,15.99,540 3/4
12/28/2017,,150.4,409 3/4,71.08,979 1/2,16,541 1/4
12/27/2017,,150.05,410 1/4,71,984 1/4,16,541
12/26/2017,,147.95,409 3/4,70.71,984 3/4,15.96,535
12/22/2017,,145.85,407 3/4,70.8,976 3/4,15.87,535 1/4
12/21/2017,,147.85,407 1/4,70.5,976 1/4,15.86,537 1/2
12/20/2017,,148.5,406 3/4,69.77,976,15.69,538 1/4
12/19/2017,,147.15,407,69.79,976 1/2,15.51,537 3/4
12/18/2017,,147.25,405,69.76,980 1/4,15.16,537 1/2
12/15/2017,,146,404 1/4,69.94,984 1/4,14.88,535
12/14/2017,,145.65,404 3/4,69.94,984,14.99,534 1/2
12/13/2017,,145.6,,69.79,990 1/2,14.99,533 1/2
12/12/2017,,144.3,,69.51,987 1/2,15.15,529
12/11/2017,,145.9,,69.76,992,15.4,534
12/8/2017,,148,,70.46,996,15.5,537 1/4
12/7/2017,,148.4,,70.46,997 1/4,15.58,542
12/6/2017,,150.7,,69.98,1006 1/4,15.71,543 1/2
12/5/2017,,151.85,,69.98,1010,15.85,547
12/4/2017,,152.8,,69.52,1004 3/4,15.85,549
12/1/2017,,153.9,,69.79,1004 1/2,15.79,550 1/4
11/30/2017,,152.9,,69.44,997 3/4,15.87,545 3/4
11/29/2017,,156.55,,69.62,1000 1/4,15.95,548
11/28/2017,,154.4,,69.13,1001 3/4,15.99,546 1/4
11/27/2017,,152.9,,69.34,1001 3/4,16.15,547
11/24/2017,,152.3,,69.83,1000 1/2,16.05,547 3/4
11/22/2017,,151.9,,69.57,1003,16,548 3/4
11/21/2017,,151.55,,69.02,998,15.98,549
11/20/2017,,150.75,,68.88,998 1/2,15.91,547 1/2
11/17/2017,,152.15,,68.19,996 1/2,16.02,550 1/2
11/16/2017,,154.8,,68.03,983,15.98,548
11/15/2017,,154.95,,67.91,985,15.95,548 1/4
11/14/2017,,155.35,,67.75,978 1/2,15.94,551
11/13/2017,,155.5,,67.97,,15.92,550 1/2
11/10/2017,,155.7,,68.25,,15.98,554 1/2
11/9/2017,,154.4,,67.91,,15.92,551
11/8/2017,,153.85,,68.19,,15.97,553 1/4
11/7/2017,,152.95,,67.81,,15.85,554 1/4
11/6/2017,,153.75,,68.32,,15.82,555
11/3/2017,,152.3,,68.11,,15.73,554 3/4
11/2/2017,,154.6,,68.18,,15.84,555 1/4
11/1/2017,,151.5,,67.4,,15.98,551 1/2
10/31/2017,,153.55,,67.64,,16.12,547
10/30/2017,,154.75,,67.81,,15.98,548 1/2
10/27/2017,,155.15,,67.08,,15.93,548 3/4
10/26/2017,,153.4,,67.03,,15.82,552 1/4
10/25/2017,,153.1,,67.56,,15.88,555
10/24/2017,,152.3,,67.4,,15.91,554 3/4
10/23/2017,,153.4,,67.25,,15.67,554 1/2
10/20/2017,,154.4,,66.31,,15.77,546 1/4
10/19/2017,,155.95,,66.52,,15.93,549 3/4
10/18/2017,,153.6,,66.48,,16.01,548 3/4
10/17/2017,,153.4,,66.39,,15.91,551 3/4
10/16/2017,,152.9,,66.17,,16,552 1/4
10/13/2017,,155.15,,66.72,,16.12,554
10/12/2017,,155.1,,66.25,,16.07,544 1/2
10/11/2017,,155.4,,67.05,,16.04,547 1/2
10/10/2017,,159.45,,67.03,,16.04,551 1/2
10/9/2017,,159.55,,67.04,,15.98,551 3/4
10/6/2017,,158.45,,66.97,,16.02,557 1/4
10/5/2017,,155.7,,66.31,,16.26,552 1/4
10/4/2017,,153.7,,66.42,,16.11,552 3/4
10/3/2017,,153.85,,65.97,,15.88,557
10/2/2017,,155.55,,65.87,,16.11,555
9/29/2017,,156.25,,66.22,,15.99,555 1/2
9/28/2017,,156.7,,66.44,,15.89,560 1/2
9/27/2017,,157.6,,66.14,,15.86,564 3/4
9/26/2017,,160.45,,66.34,,15.99,561 1/4
9/25/2017,,159.8,,66.72,,16.29,561
9/22/2017,,162.55,,65.95,,16.46,557 1/4
9/21/2017,,163.05,,65.85,,16.63,558 1/4
9/20/2017,,164.35,,66.11,,16.53,555 1/2
9/19/2017,,162.85,,65.86,,16.26,549 1/2
9/18/2017,,167.95,,65.8,,16.7,549 1/4
9/15/2017,,169.5,,65.77,,16.83,550
9/14/2017,,165.9,,66.57,,16.59,546 1/4
9/13/2017,,166.15,,66.34,,16.38,547 1/2
9/12/2017,,163.35,,66.49,,16.2,548 1/4
9/11/2017,,160.3,,67.48,,16.4,543
9/8/2017,,158.95,,68.92,,16.42,543
9/7/2017,,157.4,,68.55,,16.52,541
9/6/2017,,156.25,,68.58,,16.64,549
9/5/2017,,156.15,,69.23,,16.43,543 1/2
9/1/2017,,157.4,,69.09,,16.22,540 3/4
8/31/2017,,157.6,,68.85,,16.59,536 1/2
8/30/2017,,156.45,,68.77,,16.49,532
8/29/2017,,156.65,,68.38,,16.29,532 1/2
8/28/2017,,159.35,,68.39,,16.43,535 1/2
8/25/2017,,159.55,,67.37,,16.44,540 3/4
8/24/2017,,156.35,,68.36,,16.32,540 1/4
8/23/2017,,157.2,,67.64,,16.18,535 1/2
8/22/2017,,154.8,,67.32,,16.16,536 1/4
8/21/2017,,155.5,,67.27,,16.09,539 1/2
8/18/2017,,156.85,,66.72,,15.98,544
8/17/2017,,156.8,,66.53,,15.9,546 1/4
8/16/2017,,158.65,,66.53,,15.82,547 1/2
8/15/2017,,159.7,,66.57,,15.88,550
8/14/2017,,164.15,,66.96,,16.16,561 1/4
8/11/2017,,167.5,,67.29,,16,559 1/2
8/10/2017,,165.65,,66.98,,16.19,559
8/9/2017,,169.8,,69.18,,16.3,568
8/8/2017,,169.55,,69.25,,16.35,564 1/4
8/7/2017,,168.6,,68.76,,16.2,568 3/4
8/4/2017,,166.7,,68.84,,16.28,559 1/2
8/3/2017,,166.8,,68.97,,16.38,563 1/2
8/2/2017,,166.8,,68.98,,16.73,567 1/2
8/1/2017,,164.35,,68.57,,16.71,566 1/2
7/31/2017,,165.8,,67.85,,16.73,575 1/2
7/28/2017,,164.4,,67.75,,16.6,578 1/2
7/27/2017,,162.6,,68.15,,16.73,577 3/4
7/26/2017,,161.55,,68.76,,16.77,576 1/4
7/25/2017,,157.45,,69.06,,16.5,574 1/4
7/24/2017,,159.35,,68.55,,16.69,585 1/2
7/21/2017,,163.15,,68.75,,16.7,589
7/20/2017,,161.5,,69.16,,16.64,590
7/19/2017,,162.3,,69.12,,16.51,582 1/4
7/18/2017,,161.45,,68.99,,16.2,571 1/2
7/17/2017,,159.95,,68.88,,16.23,572
7/14/2017,,160.05,,67.75,,16.14,573 1/4
7/13/2017,,157.65,,67.61,,16.06,
7/12/2017,,154.1,,68.55,,15.49,
7/11/2017,,153.4,,68.9,,15.55,
7/10/2017,,155.05,,68.62,,15.6,
7/7/2017,,155.3,,69.26,,16.09,
7/6/2017,,155.15,,69.01,,15.84,
7/5/2017,,156.1,,68.79,,15.75,
7/3/2017,,154.05,,68.13,,16.07,
6/30/2017,,152.4,,68.83,,15.92,
6/29/2017,,152.75,,67.7,,15.62,
6/28/2017,,150.9,,67.84,,15.1,
6/27/2017,,151.95,,68.03,,15.1,
6/26/2017,,151.15,,67.63,,15.11,
6/23/2017,,149.75,,67.89,,15.38,
6/22/2017,,143.5,,67.72,,15.35,
6/21/2017,,148.55,,68.25,,15.56,
6/20/2017,,150.6,,68.43,,15.87,
6/19/2017,,151.5,,68.44,,15.89,
6/16/2017,,150.45,,68.87,,15.96,
6/15/2017,,152.3,,68.33,,16.02,
6/14/2017,,152.3,,69.52,,15.99,
6/13/2017,,152.95,,70.16,,15.88,
6/12/2017,,154.05,,70.7,,15.94,
6/9/2017,,153.05,,70.78,,16.03,
6/8/2017,,152.8,,71.05,,16.15,
6/7/2017,,152.25,,70.55,,15.78,
6/6/2017,,151.9,,70.22,,15.64,
6/5/2017,,154.75,,70.67,,15.54,
6/2/2017,,151.9,,70.93,,15.53,
6/1/2017,,153.75,,71.22,,15.96,
5/31/2017,,155.4,,70.84,,16.35,
5/30/2017,,158,,71.18,,16.49,
5/26/2017,,157.15,,71.38,,16.51,
5/25/2017,,155.05,,71.51,,16.55,
5/24/2017,,154.6,,71.61,,16.55,
5/23/2017,,156.25,,70.88,,16.61,
5/22/2017,,156.25,,71.38,,16.8,
5/19/2017,,158.1,,71.66,,16.71,
5/18/2017,,155.95,,71.95,,16.47,
5/17/2017,,160.6,,72.16,,17.02,
5/16/2017,,157.95,,71.99,,16.93,
5/15/2017,,159.7,,72.55,,16.89,
5/12/2017,,161.15,,72.02,,16.9,
5/11/2017,,160.4,,71.1,,16.81,
5/10/2017,,162.35,,71.06,,16.78,
5/9/2017,,160.6,,71.27,,16.73,
5/8/2017,,162.3,,71.33,,16.81,
5/5/2017,,161.45,,71.8,,16.81,
5/4/2017,,160.7,,72.18,,16.7,
5/3/2017,,162.9,,72.05,,16.93,
5/2/2017,,161.6,,72.26,,17.07,
5/1/2017,,161.55,,72.13,,17.05,
4/28/2017,,159.15,,72.13,,16.96,
4/27/2017,,155.4,,72.1,,16.77,
4/26/2017,,156.35,,71.95,,16.85,
4/25/2017,,158.05,,72.38,,17.23,
4/24/2017,,157.45,,72.41,,17.34,
4/21/2017,,158.25,,72.39,,17.48,
4/20/2017,,158.85,,72.36,,17.14,
4/19/2017,,164.3,,72.29,,17.18,
4/18/2017,,168.85,,72.22,,17.52,
4/17/2017,,166.4,,72.2,,17.15,
4/13/2017,,165.15,,71.93,,16.99,
4/12/2017,,164.15,,71.89,,17.15,
4/11/2017,,165.85,,72.11,,17.3,
4/10/2017,,165.65,,72.24,,17.25,
4/7/2017,,165.8,,71.47,,17.2,
4/6/2017,,164.2,,71.89,,16.97,
4/5/2017,,163.95,,71.92,,16.81,
4/4/2017,,164.15,,72,,17.1,
4/3/2017,,164.15,,72.39,,17.22,
