Date,Crude Oil,Natural Gas,Aluminum,Copper,Gold,Nickel,Silver
20200204,49.61,1.8719999999999999,1686.0,5618.0,1552.92,12830.0,17.5945
20200203,50.11,1.819,1686.5,5525.0,1576.73,12725.0,17.6822
20200131,51.56,1.841,1722.0,5567.0,1589.16,12850.0,18.0425
20200130,52.14,1.829,1731.0,5587.5,1574.28,12620.0,17.8398
20200129,53.33,1.865,1737.0,5641.0,1576.83,12550.0,17.5585
20200128,53.48,1.9080000000000001,1752.0,5703.0,1567.17,12550.0,17.472
20200127,53.14,1.8780000000000001,1764.0,5743.0,1582.06,12615.0,18.0995
20200124,54.19,1.87,1781.0,5926.0,1571.53,12950.0,18.1002
20200123,55.59,1.9040000000000001,1795.0,5987.0,1562.94,13350.0,17.7995
20200122,56.74,1.9,1811.0,6106.0,1558.78,13640.0,17.8397
20200121,58.34,1.889,1824.5,6160.0,1558.17,13665.0,17.7875
20200120,58.44,1.937,1812.0,6259.0,1560.77,14020.0,18.0776
20200117,58.54,1.985,1805.0,6273.0,1557.24,13910.0,18.0412
20200116,58.52,2.046,1812.0,6277.5,1552.51,13775.0,17.942999999999998
20200115,57.81,2.083,1801.0,6287.0,1556.25,14340.0,18.004
20200114,58.23,2.151,1809.0,6302.0,1546.39,13870.0,17.803
20200113,58.08,2.158,1798.0,6290.0,1547.88,14095.0,17.9598
20200110,59.04,2.168,1806.0,6198.0,1562.34,14190.0,18.115
20200109,59.56,2.148,1803.5,6180.0,1552.32,14085.0,17.9015
20200108,59.61,2.134,1800.5,6178.0,1556.42,14050.0,18.102999999999998
20200107,62.7,2.153,1816.0,6149.0,1574.37,13935.0,18.406
20200106,63.27,2.134,1833.0,6138.5,1565.74,13820.0,18.1523
20200103,63.05,2.112,1824.0,6129.5,1552.2,13755.0,18.06
20200102,61.18,2.093,1804.5,6188.0,1529.13,14260.0,18.0222
20200101,61.120000000000005,2.1254999999999997,1807.25,6181.0,1517.29,14142.5,17.852999999999998
20191231,61.06,2.158,1810.0,6174.0,1517.27,14025.0,17.8523
20191230,61.68,2.157,1827.0,6219.0,1515.16,14315.0,17.9292
20191227,61.72,2.173,1825.0,6214.0,1510.56,14210.0,17.7675
20191226,61.68,2.213,1821.3333333333333,6214.333333333333,1511.53,14253.333333333334,17.8976
20191225,61.394999999999996,2.1755,1817.6666666666667,6214.666666666667,1499.84,14296.666666666666,17.779
20191224,61.11,2.138,1814.0,6215.0,1499.41,14340.0,17.795
20191223,60.52,2.166,1804.0,6190.0,1485.79,14350.0,17.4525
20191220,60.44,2.24,1800.0,6175.0,1478.22,14525.0,17.1984
20191219,61.22,2.207,1797.0,6215.0,1478.8,14170.0,17.0637
20191218,60.93,2.211,1777.0,6174.5,1475.4,13870.0,17.0165
20191217,60.94,2.244,1764.0,6200.0,1476.22,13960.0,17.0105
20191216,60.21,2.265,1778.0,6199.0,1476.18,14200.0,17.0395
20191213,60.07,2.228,1768.0,6130.0,1476.33,14170.0,16.9326
20191212,59.18,2.271,1775.0,6156.0,1469.8,14100.0,16.9287
20191211,58.76,2.2,1760.0,6156.0,1474.88,13850.0,16.8628
20191210,59.24,2.218,1755.0,6100.0,1464.39,13405.0,16.665
20191209,59.02,2.193,1757.0,6075.0,1461.68,13340.0,16.6063
20191206,59.2,2.249,1765.0,5990.0,1460.17,13475.0,16.5765
20191205,58.43,2.312,1747.0,5888.0,1476.0,13275.0,16.9665
20191204,58.43,2.2880000000000003,1758.0,5885.0,1474.59,13120.0,16.8557
20191203,56.1,2.307,1766.0,5815.0,1477.61,13375.0,17.1733
20191202,55.96,2.242,1790.0,5883.0,1462.44,13715.0,16.912
20191129,55.17,2.198,1770.0,5864.0,1463.98,13670.0,17.03
20191128,56.64,2.2904999999999998,1752.0,5892.0,1456.27,14010.0,16.92
20191127,58.11,2.383,1764.0,5945.0,1454.44,14380.0,16.9635
20191126,58.41,2.41,1753.0,5924.0,1461.39,14595.0,17.0765
20191125,58.01,2.448,1736.0,5868.0,1455.26,14480.0,16.89
20191122,57.77,2.529,1739.0,5855.0,1461.93,14635.0,17.022000000000002
20191121,58.58,2.4619999999999997,1734.0,5829.0,1464.41,14485.0,17.104
20191120,57.11,2.459,1741.0,5875.0,1471.61,14360.0,17.151
20191119,55.21,2.435,1731.0,5875.0,1472.46,14690.0,17.151
20191118,57.05,2.4819999999999998,1738.0,5830.0,1471.51,14845.0,17.046
20191115,57.72,2.569,1755.0,5849.0,1468.21,14975.0,16.9629
20191114,56.77,2.549,1741.0,5812.0,1471.4,15150.0,17.0295
20191113,57.12,2.536,1765.0,5835.0,1463.58,15380.0,16.9745
20191112,56.8,2.5469999999999997,1778.0,5869.0,1456.32,15660.0,16.7699
20191111,56.86,2.559,1779.0,5878.5,1455.86,15565.0,16.8592
20191108,57.24,2.661,1807.5,5923.0,1459.0,16190.0,16.814
20191107,57.15,2.654,1813.0,5974.0,1468.48,16200.0,17.108
20191106,56.35,2.696,1810.0,5907.0,1490.57,16245.0,17.6367
20191105,57.23,2.7239999999999998,1811.0,5940.0,1483.61,16280.0,17.5788
20191104,56.54,2.705,1815.0,5877.0,1509.82,16380.0,18.0572
20191101,56.2,2.6310000000000002,1786.0,5850.0,1514.34,16775.0,18.13
20191031,54.18,2.568,1755.0,5797.0,1512.99,16645.0,18.1065
20191030,55.06,2.5980000000000003,1760.0,5908.0,1495.66,16780.0,17.86
20191029,55.54,2.5469999999999997,1754.0,5927.5,1487.72,16830.0,17.812
20191028,55.81,2.483,1737.0,5908.0,1492.51,16640.0,17.8495
20191025,56.66,2.4130000000000003,1728.0,5925.0,1504.63,16775.0,18.0395
20191024,56.23,2.4330000000000003,1724.0,5880.0,1503.98,16860.0,17.8095
20191023,55.97,2.405,1730.0,5881.0,1492.12,16590.0,17.553
20191022,54.16,2.436,1719.0,5818.0,1487.68,16500.0,17.5225
20191021,53.31,2.447,1729.0,5828.0,1484.5,16100.0,17.561
20191018,53.78,2.499,1738.0,5806.0,1490.05,16230.0,17.5525
20191017,53.93,2.499,1727.0,5739.0,1491.87,16270.0,17.549
20191016,53.36,2.4619999999999997,1728.0,5730.0,1490.13,16450.0,17.4005
20191015,52.81,2.498,1728.0,5773.0,1481.01,16995.0,17.4137
20191014,53.59,2.481,1720.0,5818.0,1493.21,16550.0,17.6558
20191011,54.7,2.455,1722.0,5796.0,1489.01,17550.0,17.5413
20191010,53.55,2.437,1753.0,5781.0,1493.99,17625.0,17.5138
20191009,52.59,2.455,1744.0,5684.0,1505.57,17360.0,17.734
20191008,52.63,2.492,1751.5,5675.5,1505.51,17570.0,17.733
20191007,52.75,2.5069999999999997,1746.0,5722.0,1493.5,17725.0,17.4388
20191004,52.81,2.525,1719.0,5643.0,1504.66,17790.0,17.548
20191003,52.45,2.506,1718.0,5662.0,1505.19,17625.0,17.56
20191002,52.64,2.476,1705.0,5678.0,1499.45,17485.0,17.56
20191001,53.62,2.5,1740.0,5686.0,1479.14,17220.0,17.2355
20190930,54.07,2.504,1721.5,5725.0,1472.49,17050.0,16.9958
20190927,55.91,2.552,1735.0,5767.0,1497.01,17205.0,17.5409
20190926,56.41,2.5789999999999997,1737.0,5722.0,1504.78,17210.0,17.8235
20190925,56.49,2.627,1752.0,5787.0,1504.05,17325.0,17.910999999999998
20190924,57.29,2.648,1762.5,5780.0,1531.87,17180.0,18.6084
20190923,58.64,2.6519999999999997,1785.0,5778.0,1522.24,17470.0,18.64
20190920,58.09,2.6460000000000004,1795.0,5798.0,1516.9,17455.0,17.991
20190919,58.13,2.6460000000000004,1800.0,5788.0,1499.03,17280.0,17.79
20190918,58.11,2.7119999999999997,1785.5,5814.0,1494.0,17200.0,17.7555
20190917,59.34,2.739,1792.0,5821.0,1501.38,17045.0,18.0165
20190916,62.9,2.7539999999999996,1793.0,5870.0,1498.43,17370.0,17.8517
20190913,54.85,2.695,1810.0,5974.5,1488.53,17750.0,17.4445
20190912,55.09,2.6689999999999996,1803.0,5833.0,1499.26,17990.0,18.1005
20190911,55.75,2.673,1825.0,5772.5,1497.2,17850.0,18.12
20190910,57.4,2.6919999999999997,1820.0,5825.0,1485.78,18045.0,18.0035
20190909,57.85,2.685,1799.0,5815.0,1499.13,18050.0,18.0085
20190906,56.52,2.648,1783.0,5833.0,1506.82,17685.0,18.178
20190905,56.3,2.608,1784.0,5845.0,1519.05,17500.0,18.651
20190904,56.26,2.588,1775.0,5748.0,1552.55,18000.0,19.5968
20190903,53.94,2.529,1753.0,5610.0,1547.1,17985.0,19.264
20190902,54.519999999999996,2.5010000000000003,1749.0,5620.0,1529.29,18060.0,18.4694
20190830,55.1,2.4730000000000003,1753.0,5652.0,1520.38,17900.0,18.3759
20190829,56.71,2.508,1753.0,5726.5,1527.63,16450.0,18.267
20190828,55.78,2.461,1746.0,5690.0,1539.01,16085.0,18.3565
20190827,54.93,2.438,1761.0,5683.0,1542.81,15700.0,18.201
20190826,53.64,2.469,1765.5,5658.0,1527.31,15680.0,17.6665
20190823,54.17,2.414,1770.0,5633.0,1526.96,15660.0,17.425
20190822,55.35,2.424,1766.0,5683.0,1498.06,15660.0,17.0415
20190821,55.68,2.435,1779.0,5732.0,1502.65,15825.0,17.1215
20190820,56.34,2.46,1782.0,5711.0,1507.2,15860.0,17.1625
20190819,56.21,2.4530000000000003,1794.0,5774.0,1495.92,15920.0,16.8765
20190816,54.87,2.4530000000000003,1792.0,5744.0,1513.52,16200.0,17.1133
20190815,54.47,2.481,1782.0,5751.0,1523.29,16250.0,17.266
20190814,55.23,2.438,1775.0,5765.0,1516.36,15970.0,17.217
20190813,57.1,2.438,1785.0,5828.5,1501.51,15925.0,16.9665
20190812,54.93,2.416,1770.0,5742.0,1511.16,15710.0,17.0658
20190809,54.5,2.445,1771.0,5755.0,1496.95,15550.0,16.979
20190808,52.54,2.454,1778.0,5798.0,1500.95,15880.0,16.933
20190807,51.09,2.425,1745.0,5705.0,1501.16,14810.0,17.1063
20190806,53.63,2.445,1759.0,5683.0,1474.42,14945.0,16.4465
20190805,54.69,2.42,1763.0,5685.0,1463.7,14880.0,16.3962
20190802,55.66,2.46,1770.0,5729.5,1440.83,14450.0,16.2043
20190801,53.95,2.5140000000000002,1780.0,5899.0,1445.18,14595.0,16.3355
20190731,58.58,2.5340000000000003,1799.0,5927.0,1413.78,14490.0,16.2645
20190730,58.05,2.478,1803.0,5948.0,1430.88,14360.0,16.5695
20190729,56.87,2.459,1811.0,6018.0,1426.8,14350.0,16.4585
20190726,56.2,2.489,1802.0,5963.0,1418.9,14100.0,16.3989
20190725,56.02,2.539,1826.0,6007.0,1414.58,14075.0,16.412
20190724,55.88,2.525,1826.0,5999.0,1425.86,14550.0,16.602
20190723,56.77,2.5810000000000004,1816.0,5968.0,1417.83,14170.0,16.405
20190722,56.22,2.594,1816.0,6017.5,1424.88,14300.0,16.3632
20190719,55.63,2.551,1848.0,6065.0,1425.37,14730.0,16.1988
20190718,55.3,2.585,1854.0,5983.0,1446.1,14860.0,16.35
20190717,56.78,2.603,1847.0,5980.0,1426.57,14450.0,15.968
20190716,57.62,2.6039999999999996,1850.0,6012.0,1406.23,14070.0,15.559000000000001
20190715,59.58,2.679,1842.0,5983.0,1414.13,13665.0,15.3837
20190712,60.21,2.714,1822.0,5935.0,1415.75,13470.0,15.2192
20190711,60.2,2.69,1828.0,5955.0,1403.81,13130.0,15.122
20190710,60.43,2.708,1850.0,5940.0,1419.02,12990.0,15.2412
20190709,57.83,2.701,1821.0,5822.0,1397.61,12700.0,15.107000000000001
20190708,57.66,2.656,1809.0,5892.0,1395.53,12720.0,15.032
20190705,57.51,2.6630000000000003,1803.0,5902.0,1399.45,12480.0,14.9988
20190704,57.425,2.612,1807.0,5920.0,1416.08,12340.0,15.2871
20190703,57.34,2.5610000000000004,1790.0,5918.0,1418.78,12350.0,15.305
20190702,56.25,2.539,1782.0,5887.0,1418.65,12095.0,15.3165
20190701,59.09,2.57,1794.0,5954.5,1384.19,12350.0,15.145
20190628,58.47,2.602,1800.0,5993.0,1409.55,12690.0,15.315
20190627,59.43,2.614,1790.0,5989.0,1409.78,12710.0,15.2585
20190626,59.38,2.5860000000000003,1820.0,5988.0,1409.0,12490.0,15.2692
20190625,57.83,2.603,1814.0,6042.0,1423.44,12300.0,15.3715
20190624,57.9,2.61,1793.0,5960.0,1419.72,12140.0,15.4435
20190621,57.43,2.531,1767.5,5971.0,1399.63,12090.0,15.3473
20190620,56.65,2.5140000000000002,1781.0,5973.0,1388.44,12300.0,15.424000000000001
20190619,53.76,2.6069999999999998,1784.0,5918.0,1360.38,12090.0,15.157
20190618,53.9,2.6510000000000002,1781.0,5949.0,1346.61,11950.0,15.0105
20190617,51.93,2.693,1758.5,5845.0,1339.66,11769.0,14.8405
20190614,52.51,2.7089999999999996,1764.5,5822.0,1341.7,11864.0,14.8785
20190613,52.28,2.6719999999999997,1787.0,5858.0,1342.31,11836.0,14.9075
20190612,51.14,2.6910000000000003,1790.0,5852.0,1333.58,11841.0,14.7792
20190611,53.27,2.702,1778.0,5876.0,1326.84,11885.0,14.745
20190610,53.26,2.6830000000000003,1775.0,5874.0,1327.98,11646.0,14.703
20190607,53.99,2.6719999999999997,1764.0,5799.0,1340.86,11617.0,15.02
20190606,52.59,2.6630000000000003,1776.0,5808.0,1335.33,11666.0,14.8935
20190605,51.68,2.705,1771.0,5807.0,1330.32,11721.0,14.8075
20190604,53.48,2.719,1786.0,5879.0,1325.52,11811.0,14.819
20190603,53.25,2.696,1777.0,5842.0,1325.31,11878.0,14.7875
20190531,53.5,2.73,1794.5,5830.0,1305.58,12017.0,14.5942
20190530,56.59,2.7880000000000003,1782.0,5852.0,1288.65,12171.0,14.5255
20190529,58.81,2.822,1795.0,5883.0,1279.78,12050.0,14.4255
20190528,59.14,2.801,1807.0,5960.0,1279.33,12128.0,14.3525
20190527,58.885000000000005,2.809,1803.5,5957.5,1285.36,12241.5,14.5951
20190524,58.63,2.8169999999999997,1800.0,5955.0,1284.93,12355.0,14.565
20190523,57.91,2.818,1797.5,5926.0,1283.45,11895.0,14.591
20190522,61.42,2.803,1779.0,5928.0,1273.34,11981.0,14.4435
20190521,62.99,2.855,1796.0,5996.0,1274.68,12071.0,14.4535
20190520,63.1,2.892,1797.5,6029.0,1277.82,11975.0,14.4688
20190517,62.76,2.8760000000000003,1837.0,6056.0,1277.53,12013.0,14.3999
20190516,62.87,2.8810000000000002,1860.0,6100.0,1286.72,12176.0,14.5595
20190515,62.02,2.847,1855.0,6085.0,1296.49,12149.0,14.7965
20190514,61.78,2.875,1844.5,6027.0,1296.92,11920.0,14.7875
20190513,61.04,2.845,1809.0,6011.0,1299.91,11786.0,14.7642
20190510,61.66,2.845,1808.0,6126.0,1286.05,11921.0,14.787
20190509,61.7,2.838,1799.0,6102.0,1284.08,11778.0,14.762
20190508,62.12,2.842,1797.0,6148.0,1280.88,11944.0,14.839
20190507,61.4,2.799,1816.0,6180.0,1284.43,12039.0,14.9113
20190506,62.25,2.781,1807.5,6208.0,1281.1,12109.0,14.9015
20190503,61.94,2.8080000000000003,1799.0,6236.0,1279.11,12179.0,14.9405
20190502,61.81,2.824,1816.0,6167.0,1270.69,12124.0,14.6285
20190501,63.6,2.838,1815.0,6235.0,1276.76,12159.0,14.675999999999998
20190430,63.91,2.823,1797.0,6415.0,1283.53,12201.0,14.9525
20190429,63.5,2.8280000000000003,1828.0,6396.0,1279.9,12410.0,14.9175
20190426,63.3,2.82,1837.0,6400.0,1286.16,12424.0,15.085
20190425,65.21,2.8080000000000003,1857.0,6365.0,1277.17,12325.0,14.946
20190424,65.89,2.7769999999999997,1872.0,6448.0,1275.76,12407.0,14.9463
20190423,66.3,2.773,1866.0,6407.0,1272.42,12391.0,14.8435
20190422,65.7,2.8139999999999996,1866.3333333333333,6430.0,1274.99,12484.666666666666,15.012
20190419,64.85,2.8139999999999996,1866.6666666666667,6453.0,1275.52,12578.333333333334,15.032
20190418,64.0,2.8139999999999996,1867.0,6476.0,1275.82,12672.0,15.009
20190417,63.76,2.835,1850.0,6556.0,1273.98,12893.0,14.9908
20190416,64.05,2.877,1855.5,6495.0,1276.79,12953.0,15.003
20190415,63.4,2.884,1865.0,6480.0,1287.95,12991.0,15.0015
20190412,63.89,2.929,1863.0,6484.0,1290.43,13022.0,14.9743
20190411,63.58,2.924,1860.0,6408.0,1292.52,12976.0,14.9713
20190410,64.61,2.946,1864.0,6464.0,1307.99,13221.0,15.2395
20190409,63.98,2.9530000000000003,1878.0,6487.0,1304.1,13196.0,15.2218
20190408,64.4,2.952,1871.0,6475.0,1297.48,13182.0,15.2485
20190405,63.08,2.92,1890.0,6401.0,1291.76,13071.0,15.1086
20190404,62.1,2.903,1895.0,6451.0,1292.21,13160.0,15.151
20190403,62.46,2.926,1896.0,6492.0,1289.93,13329.0,15.1353
20190402,62.58,2.924,1889.0,6426.5,1292.46,13141.0,15.1203
20190401,61.59,2.917,1899.0,6471.0,1287.72,13107.0,15.106
20190329,60.14,2.9160000000000004,1912.0,6482.5,1292.38,12984.0,15.1183
20190328,59.3,2.928,1903.0,6360.0,1290.42,12887.0,15.0145
20190327,59.41,2.9360000000000004,1911.0,6335.0,1309.55,13064.0,15.2943
20190326,59.94,2.955,1888.0,6330.0,1315.71,13080.0,15.4305
20190325,58.82,2.968,1883.0,6340.0,1321.9,12966.0,15.5385
20190322,59.04,2.967,1903.0,6312.0,1313.68,12995.0,15.424000000000001
20190321,59.98,2.991,1899.5,6421.0,1309.36,12996.0,15.472999999999999
20190320,59.83,2.9810000000000003,1937.0,6457.0,1312.53,13218.0,15.475
20190319,59.03,3.009,1946.0,6459.0,1306.56,13149.0,15.373
20190318,59.09,3.003,1920.5,6425.0,1303.71,13023.0,15.3498
20190315,58.52,2.965,1897.0,6431.0,1302.4,12930.0,15.2877
20190314,58.61,2.984,1903.0,6404.0,1296.17,12890.0,15.1895
20190313,58.26,2.978,1905.0,6472.5,1309.12,13210.0,15.4545
20190312,56.87,2.966,1873.0,6472.0,1301.58,13105.0,15.4405
20190311,56.79,2.9619999999999997,1847.0,6407.0,1293.35,12900.0,15.309000000000001
20190308,56.07,3.013,1872.0,6395.0,1298.3,13090.0,15.3355
20190307,56.66,3.014,1864.0,6423.5,1285.61,13235.0,15.0233
20190306,56.22,2.9930000000000003,1866.0,6468.0,1286.36,13585.0,15.0775
20190305,56.56,3.025,1874.0,6478.0,1288.01,13650.0,15.1375
20190304,56.59,3.0210000000000004,1875.0,6409.0,1286.74,13255.0,15.0905
20190301,55.8,3.0189999999999997,1918.0,6478.0,1293.44,13195.0,15.2022
20190228,57.22,3.0,1911.0,6509.0,1313.32,13050.0,15.612
20190227,56.94,2.963,1922.0,6506.5,1319.86,13055.0,15.7395
20190226,55.5,2.949,1911.0,6493.0,1328.96,12960.0,15.934000000000001
20190225,55.48,2.9619999999999997,1906.0,6480.0,1327.58,12975.0,15.8995
20190222,57.26,2.938,1913.0,6478.0,1329.4,12990.0,15.9237
20190221,56.96,2.924,1905.0,6380.0,1323.63,12850.0,15.8142
20190220,56.92,2.905,1868.0,6405.0,1338.44,12905.0,16.0491
20190219,56.09,2.9360000000000004,1856.0,6319.0,1340.94,12660.0,15.9915
20190218,55.84,2.918,1856.0,6275.0,1326.89,12455.0,15.81
20190215,55.59,2.9,1859.0,6188.0,1322.49,12400.0,15.7875
20190214,54.41,2.9019999999999997,1850.0,6137.0,1312.57,12200.0,15.6215
20190213,53.9,2.9160000000000004,1860.0,6125.0,1306.27,12405.0,15.5715
20190212,53.1,2.97,1861.0,6106.0,1310.8,12410.0,15.7065
20190211,52.41,2.9330000000000003,1880.0,6150.0,1308.12,12490.0,15.7075
20190208,52.72,2.906,1881.0,6210.0,1314.29,12570.0,15.8242
20190207,52.64,2.866,1894.0,6246.0,1310.11,12985.0,15.735999999999999
20190206,54.01,2.8960000000000004,1907.0,6279.0,1306.6,12925.0,15.6737
20190205,53.66,2.887,1922.0,6233.0,1315.32,13040.0,15.8505
20190204,54.56,2.867,1919.0,6168.0,1312.25,13260.0,15.8685
20190201,55.26,2.888,1883.0,6139.0,1317.98,12660.0,15.9106
20190131,53.79,2.927,1910.0,6169.0,1321.25,12480.0,16.061
20190130,54.23,2.967,1909.5,6136.0,1319.91,12350.0,16.066
20190129,53.31,2.977,1892.0,6050.0,1311.79,12120.0,15.8385
20190128,51.99,2.949,1867.0,6002.0,1303.36,11825.0,15.744000000000002
20190125,53.69,2.98,1920.0,6056.0,1305.25,11965.0,15.7675
20190124,53.13,2.963,1890.5,5922.0,1281.21,11770.0,15.3195
20190123,52.62,2.9330000000000003,1909.0,5951.5,1282.72,11700.0,15.370999999999999
20190122,52.57,2.9410000000000003,1883.0,5935.0,1285.22,11585.0,15.3385
20190121,53.185,2.9510000000000005,1852.0,5981.0,1280.47,11800.0,15.27
20190118,53.8,2.9610000000000003,1870.0,6052.0,1282.11,11820.0,15.3387
20190117,52.07,2.924,1858.0,5992.0,1292.05,11590.0,15.5278
20190116,52.31,2.895,1859.0,5970.0,1293.67,11630.0,15.5925
20190115,52.11,2.918,1845.0,5920.0,1289.51,11670.0,15.5802
20190114,50.51,2.967,1828.0,5897.0,1291.72,11390.0,15.6493
20190111,51.59,2.9139999999999997,1836.0,5942.0,1290.25,11460.0,15.597000000000001
20190110,52.59,2.884,1861.0,5930.0,1286.65,11250.0,15.5685
20190109,52.36,2.875,1852.5,5958.0,1293.56,11250.0,15.7535
20190108,49.78,2.844,1864.5,5906.0,1285.39,11180.0,15.6543
20190107,48.52,2.822,1878.5,5923.0,1289.21,11155.0,15.6535
20190104,47.96,2.803,1865.0,5918.0,1286.05,11110.0,15.6988
20190103,47.09,2.7560000000000002,1835.0,5736.0,1294.28,10875.0,15.7415
20190102,46.54,2.76,1797.0,5842.0,1284.59,10875.0,15.5217
20190101,45.974999999999994,2.7935,1821.5,5903.5,1282.6,10782.5,15.51
20181231,45.41,2.827,1846.0,5965.0,1282.49,10690.0,15.495
20181228,45.33,2.888,1845.0,5997.0,1280.71,10730.0,15.3839
20181227,44.61,2.9210000000000003,1851.5,5986.5,1275.71,10765.0,15.2275
20181226,46.22,2.905,1865.3333333333333,5976.166666666667,1267.14,10806.666666666666,15.0355
20181225,44.375,2.897,1879.1666666666667,5965.833333333333,1268.54,10848.333333333334,14.7734
20181224,42.53,2.889,1893.0,5955.5,1269.22,10890.0,14.775
20181221,45.59,2.944,1909.0,5991.0,1256.94,10875.0,14.6529
20181220,45.88,2.911,1912.0,6000.0,1259.86,10910.0,14.7668
20181219,47.2,2.911,1927.0,6015.0,1243.08,10950.0,14.597999999999999
20181218,46.24,2.909,1925.0,5970.0,1249.42,10835.0,14.6395
20181217,49.88,2.87,1942.0,6123.0,1245.85,10985.0,14.6635
20181214,51.2,2.91,1926.0,6131.5,1239.02,11080.0,14.5811
20181213,52.58,2.904,1932.0,6155.0,1241.99,10850.0,14.7505
20181212,51.15,2.917,1939.0,6140.0,1245.66,10795.0,14.737
20181211,51.65,2.9389999999999996,1939.0,6168.0,1243.25,10770.0,14.565999999999999
20181210,51.0,2.932,1938.0,6089.0,1244.46,10800.0,14.53
20181207,52.61,2.938,1955.0,6145.0,1249.31,10910.0,14.625
20181206,51.49,2.903,1936.0,6070.0,1237.78,10850.0,14.4713
20181205,52.89,2.9,1969.0,6175.0,1237.29,11225.0,14.5025
20181204,53.25,2.8789999999999996,1974.0,6209.0,1238.54,11150.0,14.5285
20181203,52.95,2.862,1974.0,6295.0,1230.67,11250.0,14.3877
20181130,50.93,2.8480000000000003,1958.0,6198.5,1220.52,11200.0,14.2048
20181129,51.45,2.842,1940.0,6212.0,1224.21,11055.0,14.3118
20181128,50.29,2.8710000000000004,1932.0,6200.0,1221.23,10800.0,14.3265
20181127,51.56,2.8480000000000003,1930.5,6121.5,1215.05,10775.0,14.1497
20181126,51.63,2.8289999999999997,1951.5,6189.0,1222.4,10875.0,14.227
20181123,50.42,2.84,1949.0,6207.0,1223.05,10915.0,14.29
20181122,52.525000000000006,2.812,1946.5,6255.0,1228.64,10970.0,14.51
20181121,54.63,2.784,1953.5,6235.0,1226.04,11020.0,14.5028
20181120,53.43,2.7880000000000003,1940.0,6184.0,1221.66,11095.0,14.3215
20181119,56.76,2.835,1934.0,6259.0,1224.17,11180.0,14.4265
20181116,56.46,2.798,1940.0,6205.0,1223.36,11360.0,14.4245
20181115,56.46,2.804,1929.0,6184.0,1213.36,11260.0,14.2978
20181114,56.25,2.84,1943.0,6090.0,1210.88,11310.0,14.1367
20181113,55.69,2.8339999999999996,1935.5,6073.0,1202.23,11345.0,14.0007
20181112,59.93,2.845,1942.0,6049.0,1200.37,11400.0,13.9986
20181109,60.19,2.824,1954.0,6056.0,1209.65,11470.0,14.1558
20181108,60.67,2.827,1990.0,6155.0,1224.0,11780.0,14.4427
20181107,61.67,2.822,1985.0,6153.0,1226.49,11820.0,14.5782
20181106,62.21,2.822,1950.5,6158.0,1227.19,11775.0,14.537
20181105,63.1,2.8080000000000003,1975.0,6191.0,1231.49,11750.0,14.6412
20181102,63.14,2.798,1973.0,6283.0,1232.89,11930.0,14.7146
20181101,63.69,2.79,1966.0,6090.0,1233.43,11785.0,14.7455
20181031,65.31,2.8,1953.5,5992.0,1214.76,11500.0,14.2485
20181030,66.18,2.784,1967.0,6032.0,1222.93,11765.0,14.4725
20181029,67.04,2.8,1984.0,6160.0,1229.42,11755.0,14.458
20181026,67.59,2.79,1998.0,6160.0,1233.53,11900.0,14.6964
20181025,67.33,2.795,1994.0,6226.0,1232.17,12150.0,14.6438
20181024,66.82,2.807,1997.0,6179.0,1233.79,12225.0,14.6855
20181023,66.43,2.8280000000000003,2001.0,6196.0,1230.3,12375.0,14.7347
20181022,69.17,2.822,2007.0,6242.0,1222.1,12530.0,14.5632
20181019,69.12,2.83,2003.0,6220.0,1226.49,12450.0,14.6189
20181018,68.65,2.822,2013.0,6157.0,1225.81,12350.0,14.5755
20181017,69.75,2.833,2022.0,6219.0,1222.29,12375.0,14.61
20181016,71.92,2.8310000000000004,2034.0,6215.0,1224.95,12595.0,14.6635
20181015,71.78,2.8369999999999997,2027.0,6301.0,1227.06,12615.0,14.6943
20181012,71.34,2.83,2041.0,6302.0,1217.05,12655.0,14.5794
20181011,70.97,2.823,2020.0,6242.0,1224.09,12675.0,14.584000000000001
20181010,73.17,2.8089999999999997,2047.0,6239.0,1194.79,12680.0,14.3
20181009,74.96,2.8160000000000003,2056.0,6292.0,1189.77,13010.0,14.385
20181008,74.29,2.8139999999999996,2067.0,6178.0,1188.08,12575.0,14.3705
20181005,74.34,2.7960000000000003,2130.0,6173.0,1203.63,12620.0,14.6339
20181004,74.33,2.781,2169.5,6290.0,1199.92,12490.0,14.595
20181003,76.41,2.78,2206.0,6267.0,1197.35,12770.0,14.635
20181002,75.23,2.78,2118.0,6280.0,1203.32,12515.0,14.690999999999999
20181001,75.3,2.763,2084.0,6249.0,1188.99,12505.0,14.489
20180928,73.25,2.766,2062.0,6258.0,1190.88,12600.0,14.6554
20180927,72.12,2.755,2030.0,6187.0,1182.83,12560.0,14.2515
20180926,71.57,2.767,2065.0,6282.0,1194.44,12820.0,14.3265
20180925,72.28,2.779,2071.0,6318.0,1201.22,12950.0,14.4635
20180924,72.08,2.787,2060.0,6353.0,1199.03,12955.0,14.2555
20180921,70.78,2.783,2091.0,6363.0,1200.04,13250.0,14.302999999999999
20180920,70.8,2.786,2043.0,6082.0,1207.18,12625.0,14.3225
20180919,71.12,2.765,2026.0,6121.0,1204.04,12510.0,14.244000000000002
20180918,69.85,2.779,2035.0,6086.0,1198.36,12400.0,14.1525
20180917,68.91,2.758,2032.0,5945.0,1201.46,12240.0,14.1833
20180914,68.99,2.75,2043.0,5973.0,1194.85,12655.0,14.0617
20180913,68.59,2.764,2064.0,6033.0,1201.47,12605.0,14.168
20180912,70.37,2.77,2064.0,5997.0,1206.24,12620.0,14.254000000000001
20180911,69.25,2.759,2044.0,5859.0,1198.59,12230.0,14.1413
20180910,67.54,2.75,2095.0,5910.0,1195.88,12410.0,14.1765
20180907,67.75,2.742,2070.0,5933.0,1196.93,12355.0,14.1728
20180906,67.77,2.745,2040.0,5927.5,1199.98,12445.0,14.1538
20180905,68.72,2.763,2068.0,5871.0,1196.73,12440.0,14.187999999999999
20180904,69.87,2.7710000000000004,2062.0,5815.0,1191.52,12470.0,14.155999999999999
20180903,69.83500000000001,2.7875,2097.0,5967.0,1201.27,12790.0,14.5173
20180831,69.8,2.804,2125.0,5975.0,1201.15,12800.0,14.5405
20180830,70.25,2.784,2132.0,6066.0,1199.98,13285.0,14.5492
20180829,69.51,2.7889999999999997,2172.0,6086.0,1206.6,13500.0,14.757
20180828,68.53,2.7880000000000003,2133.5,6147.0,1201.0,13675.0,14.708
20180827,68.87,2.793,2114.25,6126.0,1211.38,13545.0,14.8975
20180824,68.72,2.824,2095.0,6105.0,1205.35,13415.0,14.8204
20180823,67.83,2.84,2075.0,5986.5,1185.56,13275.0,14.5028
20180822,67.86,2.833,2065.0,6005.0,1195.8,13525.0,14.7605
20180821,67.35,2.84,2054.5,6045.0,1195.99,13560.0,14.785
20180820,66.43,2.835,2055.0,5991.5,1190.48,13560.0,14.759
20180817,65.91,2.839,2030.0,5926.0,1184.25,13480.0,14.8038
20180816,65.46,2.833,2048.0,5938.0,1174.16,13325.0,14.654000000000002
20180815,65.01,2.844,2025.0,5801.0,1174.85,12850.0,14.4425
20180814,67.04,2.846,2070.0,6044.0,1194.09,13425.0,15.057
20180813,67.2,2.839,2082.0,6153.5,1193.5,13555.0,14.998
20180810,67.63,2.83,2105.0,6190.0,1210.57,13820.0,15.312999999999999
20180809,66.81,2.8360000000000003,2078.0,6225.0,1212.47,13885.0,15.4435
20180808,66.94,2.827,2106.0,6173.0,1213.88,14050.0,15.4272
20180807,69.17,2.806,2038.0,6175.0,1210.97,13850.0,15.3853
20180806,69.01,2.795,2043.0,6133.0,1207.64,13685.0,15.292
20180803,68.49,2.7889999999999997,2028.0,6206.0,1214.9,13550.0,15.418
20180802,68.96,2.778,2036.0,6139.5,1207.83,13330.0,15.3147
20180801,67.66,2.763,2052.0,6172.0,1215.96,13590.0,15.3832
20180731,68.76,2.7939999999999996,2081.0,6300.0,1224.15,14030.0,15.523
20180730,70.13,2.8080000000000003,2094.0,6250.0,1221.45,13860.0,15.4867
20180727,68.69,2.792,2071.0,6297.0,1224.22,13860.0,15.507
20180726,69.61,2.7739999999999996,2067.0,6291.0,1222.69,13775.0,15.3813
20180725,69.3,2.79,2062.0,6290.0,1231.63,13680.0,15.61
20180724,68.52,2.783,2084.5,6295.0,1224.52,13600.0,15.465
20180723,67.89,2.781,2069.0,6130.0,1224.5,13400.0,15.3792
20180720,70.46,2.773,2029.0,6147.5,1229.53,13530.0,15.5141
20180719,69.46,2.785,2001.0,6065.0,1222.97,13340.0,15.315999999999999
20180718,68.76,2.7739999999999996,2027.0,6150.0,1227.51,13615.0,15.5575
20180717,68.08,2.7880000000000003,2032.0,6152.0,1227.54,13490.0,15.5745
20180716,68.06,2.798,2055.0,6192.0,1240.93,13670.0,15.7885
20180713,71.01,2.805,2031.0,6237.0,1244.32,13975.0,15.815
20180712,70.33,2.823,2042.0,6228.0,1247.39,14195.0,15.9485
20180711,70.38,2.844,2060.0,6145.0,1241.96,13880.0,15.802999999999999
20180710,74.11,2.823,2090.0,6332.5,1255.54,14155.0,16.058
20180709,73.85,2.8339999999999996,2121.0,6390.0,1257.68,14065.0,16.1158
20180706,73.8,2.84,2080.0,6282.0,1255.48,13945.0,16.0472
20180705,72.94,2.845,2080.0,6345.0,1257.91,14195.0,16.0505
20180704,73.53999999999999,2.85,2089.0,6386.0,1254.99,14145.0,16.0839
20180703,74.14,2.855,2080.0,6491.0,1252.73,14445.0,16.0205
20180702,73.94,2.8560000000000003,2098.0,6523.0,1242.04,14550.0,15.850999999999999
20180629,74.15,2.865,2133.0,6626.0,1252.6,14900.0,16.1185
20180628,73.45,2.863,2155.0,6623.0,1248.25,14785.0,16.0033
20180627,72.76,2.873,2176.0,6692.5,1252.35,14880.0,16.0583
20180626,70.53,2.852,2157.5,6713.0,1259.04,14785.0,16.2975
20180625,68.08,2.852,2155.0,6755.0,1265.64,14730.0,16.3307
20180622,68.58,2.8560000000000003,2175.0,6789.0,1270.56,15265.0,16.4587
20180621,65.54,2.861,2179.0,6786.0,1267.19,14990.0,16.3175
20180620,66.22,2.8569999999999998,2166.0,6773.0,1267.86,14975.0,16.2843
20180619,65.07,2.83,2171.0,6840.0,1274.66,14655.0,16.3048
20180618,65.85,2.8539999999999996,2219.5,6964.0,1278.32,14975.0,16.471
20180615,65.06,2.855,2204.0,7020.0,1278.94,15185.0,16.5672
20180614,66.89,2.843,2256.0,7177.0,1302.25,15285.0,17.1745
20180613,66.64,2.838,2275.0,7257.0,1299.31,15625.0,17.035
20180612,66.36,2.8360000000000003,2302.0,7222.0,1295.97,15210.0,16.8625
20180611,66.1,2.824,2301.0,7255.0,1300.49,15290.0,16.9258
20180608,65.74,2.8160000000000003,2299.0,7312.0,1298.17,15420.0,16.7892
20180607,65.95,2.8289999999999997,2312.0,7332.0,1297.18,15520.0,16.7095
20180606,64.73,2.826,2345.0,7220.0,1296.4,15635.0,16.679000000000002
20180605,65.52,2.8280000000000003,2312.0,7099.0,1296.4,15750.0,16.484
20180604,64.75,2.843,2314.0,6975.0,1292.02,15485.0,16.415
20180601,65.81,2.858,2305.0,6896.0,1293.4,15445.0,16.4117
20180531,67.04,2.846,2292.0,6852.0,1298.51,15220.0,16.4275
20180530,68.21,2.8310000000000004,2270.0,6840.0,1301.38,15130.0,16.5065
20180529,66.73,2.8280000000000003,2275.0,6860.0,1298.77,14905.0,16.365
20180528,67.305,2.84,2269.0,6872.5,1299.04,14842.5,16.4741
20180525,67.88,2.852,2263.0,6885.0,1302.25,14780.0,16.511
20180524,70.71,2.8539999999999996,2281.0,6880.0,1304.63,14900.0,16.6665
20180523,71.84,2.86,2270.0,6867.0,1293.41,14650.0,16.453
20180522,72.13,2.859,2270.0,6979.0,1291.14,14780.0,16.545
20180521,72.24,2.8310000000000004,2280.0,6879.0,1292.6,14675.0,16.5103
20180518,71.28,2.8280000000000003,2270.0,6855.0,1293.04,14750.0,16.4436
20180517,71.49,2.822,2293.0,6879.0,1290.79,14595.0,16.4333
20180516,71.49,2.805,2315.5,6826.0,1290.73,14475.0,16.3785
20180515,71.31,2.8,2327.0,6808.0,1290.53,14425.0,16.2675
20180514,70.96,2.8110000000000004,2319.0,6885.0,1313.5,14500.0,16.5245
20180511,70.7,2.804,2288.0,6942.0,1319.3,14055.0,16.6685
20180510,71.36,2.802,2335.0,6917.0,1321.6,13880.0,16.7203
20180509,71.14,2.7760000000000002,2366.0,6810.0,1312.72,13925.0,16.4933
20180508,69.06,2.779,2357.5,6745.0,1314.63,13885.0,16.4844
20180507,70.73,2.8110000000000004,2353.75,6785.5,1314.21,13955.0,16.4742
20180504,69.72,2.8110000000000004,2350.0,6826.0,1314.5,14025.0,16.5304
20180503,68.43,2.822,2269.0,6827.0,1312.06,13775.0,16.4313
20180502,67.93,2.8360000000000003,2321.5,6820.0,1304.96,13980.0,16.3752
20180501,67.25,2.8310000000000004,2260.0,6745.0,1303.85,13650.0,16.1665
20180430,68.57,2.823,2255.0,6807.0,1315.39,13650.0,16.3318
20180427,68.1,2.819,2223.0,6797.0,1324.0,13885.0,16.51
20180426,68.19,2.838,2275.0,6965.0,1316.8,14235.0,16.518
20180425,68.05,2.841,2245.0,7008.0,1323.13,14145.0,16.5588
20180424,67.7,2.832,2227.0,7013.0,1330.35,13985.0,16.727999999999998
20180423,68.64,2.823,2295.0,6943.5,1324.83,14265.0,16.6225
20180420,68.38,2.824,2469.0,6992.0,1336.36,14830.0,17.1187
20180419,68.29,2.821,2485.0,6984.0,1345.53,15075.0,17.2496
20180418,68.47,2.87,2537.0,7022.0,1349.41,15275.0,17.1942
20180417,66.52,2.887,2405.0,6877.0,1347.52,14215.0,16.7825
20180416,66.22,2.897,2399.0,6910.5,1345.93,14335.0,16.673
20180413,67.39,2.888,2285.0,6830.0,1346.2,13940.0,16.6554
20180412,67.07,2.9019999999999997,2325.0,6821.0,1334.94,13715.0,16.468
20180411,66.82,2.895,2250.0,6950.0,1353.38,13865.0,16.6773
20180410,65.51,2.89,2201.0,6945.0,1339.64,13695.0,16.5785
20180409,63.42,2.891,2139.0,6830.0,1336.35,13435.0,16.495
20180406,62.06,2.888,2042.0,6769.0,1333.03,13270.0,16.383
20180405,63.54,2.9010000000000002,2009.0,6816.0,1326.57,13325.0,16.4404
20180404,63.37,2.8930000000000002,1991.0,6724.0,1333.19,13150.0,16.3175
20180403,63.51,2.907,1978.0,6796.0,1332.74,13465.0,16.4175
20180402,63.01,2.9019999999999997,1986.8333333333333,6768.666666666667,1341.29,13410.0,16.5935
20180330,63.974999999999994,2.8985,1995.6666666666667,6741.333333333333,1325.48,13355.0,16.3678
20180329,64.94,2.895,2004.5,6714.0,1325.5,13300.0,16.3785
20180328,64.38,2.887,2027.0,6665.0,1325.01,13130.0,16.298
20180327,65.25,2.89,2045.0,6649.0,1345.05,13000.0,16.5275
20180326,65.55,2.872,2052.0,6602.0,1353.5,12955.0,16.7028
20180323,65.88,2.8689999999999998,2050.5,6660.0,1347.33,12950.0,16.567
20180322,64.3,2.878,2075.0,6695.0,1329.03,13190.0,16.391
20180321,65.17,2.8819999999999997,2081.0,6793.0,1332.24,13460.0,16.57
20180320,63.4,2.897,2076.0,6755.0,1311.31,13455.0,16.204
20180319,62.06,2.895,2088.0,6854.0,1316.85,13480.0,16.3265
20180316,62.34,2.903,2085.0,6888.0,1314.24,13625.0,16.3383
20180315,61.19,2.906,2085.0,6920.0,1316.1,13630.0,16.4065
20180314,60.96,2.9189999999999996,2089.0,6988.5,1324.85,13835.0,16.546
20180313,60.71,2.912,2103.0,6945.0,1326.51,13875.0,16.59
20180312,61.36,2.9130000000000003,2091.0,6913.0,1323.1,13675.0,16.5344
20180309,62.04,2.907,2120.0,6962.0,1323.93,13860.0,16.5886
20180308,60.12,2.917,2106.0,6833.0,1321.99,13270.0,16.496
20180307,61.15,2.9210000000000003,2097.0,6950.0,1325.57,13590.0,16.500999999999998
20180306,62.6,2.923,2147.0,7004.0,1334.56,13680.0,16.7615
20180305,62.57,2.909,2145.5,6910.0,1320.11,13430.0,16.4275
20180302,61.25,2.9019999999999997,2149.0,6898.0,1322.75,13450.0,16.523
20180301,60.99,2.907,2147.0,6922.0,1317.03,13460.0,16.465999999999998
20180228,61.64,2.8939999999999997,2132.0,6931.0,1318.31,13790.0,16.415
20180227,63.01,2.918,2147.0,7021.0,1318.36,13845.0,16.4281
20180226,63.91,2.926,2138.0,7110.0,1333.68,13925.0,16.66
20180223,63.55,2.9130000000000003,2140.0,7095.0,1328.71,13765.0,16.5327
20180222,62.77,2.917,2185.0,7162.0,1332.05,13830.0,16.6095
20180221,61.68,2.917,2201.0,7119.0,1324.63,13845.0,16.51
20180220,61.9,2.909,2185.0,7090.0,1329.19,13610.0,16.4509
20180219,61.79,2.908,2214.0,7118.0,1346.46,13590.0,16.6745
20180216,61.68,2.907,2208.0,7233.0,1346.96,13920.0,16.6448
20180215,61.34,2.904,2165.0,7182.0,1353.67,14150.0,16.8685
20180214,60.6,2.918,2177.5,7163.0,1350.73,14100.0,16.8595
20180213,59.19,2.9189999999999996,2139.0,6988.0,1329.55,13450.0,16.5818
20180212,59.29,2.915,2125.0,6831.0,1322.7,13100.0,16.5465
20180209,59.2,2.92,2123.0,6755.0,1316.65,12970.0,16.365
20180208,61.15,2.943,2170.0,6845.0,1318.76,13140.0,16.4212
20180207,61.79,2.948,2158.0,6880.0,1318.39,13175.0,16.3717
20180206,63.39,2.955,2170.0,7076.0,1324.16,13385.0,16.6443
20180205,64.15,2.9530000000000003,2211.0,7169.0,1339.67,13745.0,16.736
20180202,65.45,2.952,2210.0,7045.0,1333.39,13435.0,16.590999999999998
20180201,65.8,2.9389999999999996,2225.0,7119.0,1348.79,14000.0,17.238
20180131,64.73,2.9330000000000003,2219.5,7118.0,1345.14,13600.0,17.3455
20180130,64.5,2.928,2207.0,7050.0,1338.59,13350.0,17.1415
20180129,65.56,2.929,2225.0,7085.0,1340.33,13805.0,17.1665
20180126,66.14,2.912,2257.0,7085.0,1349.12,13650.0,17.4068
20180125,65.51,2.931,2241.0,7138.0,1348.26,13685.0,17.2985
20180124,65.61,2.9419999999999997,2250.0,7150.0,1358.46,13575.0,17.5539
20180123,64.47,2.946,2229.5,6923.0,1341.21,12850.0,17.0515
20180122,63.49,2.947,2249.0,7068.0,1333.92,12760.0,17.018
20180119,63.37,2.929,2220.0,7041.0,1331.84,12720.0,17.0215
20180118,63.95,2.94,2241.0,7076.0,1327.03,12470.0,16.957
20180117,63.97,2.935,2192.0,7034.0,1326.84,12410.0,17.000999999999998
20180116,63.73,2.9360000000000004,2189.0,7078.0,1338.41,12545.0,17.192999999999998
20180115,64.015,2.939,2227.0,7210.0,1339.99,12860.0,17.355
20180112,64.3,2.9419999999999997,2214.0,7110.0,1337.64,12725.0,17.2075
20180111,63.8,2.9419999999999997,2175.5,7140.5,1322.44,12620.0,16.9875
20180110,63.57,2.946,2182.0,7153.0,1316.89,12935.0,16.9765
20180109,62.96,2.937,2152.5,7102.0,1312.85,12695.0,16.9725
20180108,61.73,2.927,2175.0,7125.0,1320.4,12535.0,17.134
20180105,61.44,2.9130000000000003,2202.5,7121.0,1319.59,12525.0,17.2222
20180104,62.01,2.925,2250.0,7188.5,1323.01,12650.0,17.2285
20180103,61.63,2.935,2228.0,7147.0,1313.21,12415.0,17.136
20180102,60.37,2.9419999999999997,2264.5,7205.0,1317.56,12620.0,17.19
20171229,60.42,2.952,2268.0,7247.0,1302.8,12760.0,16.9375
20171228,59.84,2.944,2284.0,7289.0,1295.04,12350.0,16.863
20171227,59.64,2.931,2252.0,7240.0,1287.18,12110.0,16.6917
20171226,59.97,2.931,2222.0,7182.5,1283.1,12120.0,16.5522
20171222,58.47,2.93,2192.0,7125.0,1274.16,12130.0,16.3263
20171221,58.36,2.907,2148.0,7086.0,1266.6,12070.0,16.1303
20171220,58.09,2.9139999999999997,2122.0,7044.0,1265.57,12040.0,16.189
20171219,57.46,2.9339999999999997,2099.0,6942.0,1261.7,11755.0,16.134
20171218,57.16,2.94,2074.0,6905.0,1262.26,11830.0,16.139
20171215,57.3,2.908,2066.0,6886.0,1256.44,11580.0,16.055999999999997
20171214,57.04,2.935,2049.5,6793.0,1252.96,11155.0,15.8909
20171213,56.6,2.928,2009.0,6729.0,1255.5,11095.0,16.07
20171212,57.14,2.925,2016.0,6663.0,1244.49,11070.0,15.729000000000001
20171211,57.99,2.955,2022.0,6670.0,1242.02,11240.0,15.709000000000001
20171208,57.36,2.9539999999999997,2010.5,6571.0,1248.49,10950.0,15.863
20171207,56.69,2.945,2010.0,6564.0,1247.22,11040.0,15.7262
20171206,55.96,2.966,2019.0,6550.0,1263.37,10805.0,15.964
20171205,57.62,2.975,2052.0,6543.0,1265.77,10865.0,16.104
20171204,57.47,2.9539999999999997,2069.0,6826.0,1276.18,11385.0,16.3206
20171201,58.36,2.9939999999999998,2074.5,6833.0,1280.62,11290.0,16.442
20171130,57.4,3.008,2048.0,6762.0,1275.01,11110.0,16.4385
20171129,57.3,3.025,2068.0,6760.0,1283.64,11520.0,16.542
20171128,57.99,3.04,2102.5,6805.0,1293.98,11350.0,16.8687
20171127,58.11,3.0389999999999997,2135.0,6942.0,1294.52,11570.0,17.0475
20171124,58.95,3.016,2132.0,7002.0,1288.37,12035.0,17.055
20171123,58.485,3.0214999999999996,2113.0,6963.0,1291.47,11930.0,17.089000000000002
20171122,58.02,3.0269999999999997,2107.0,6954.0,1292.12,11840.0,17.151
20171121,56.83,3.04,2082.0,6909.0,1280.61,11870.0,16.9645
20171120,56.09,3.035,2086.0,6828.0,1276.92,11660.0,16.9088
20171117,56.55,3.037,2104.0,6777.0,1292.42,11575.0,17.3104
20171116,55.14,3.0469999999999997,2102.0,6737.0,1278.58,11350.0,17.09
20171115,55.33,3.031,2106.0,6773.0,1278.14,11690.0,16.999000000000002
20171114,55.7,3.029,2082.0,6759.0,1280.25,11780.0,17.0223
20171113,56.76,3.031,2108.0,6895.0,1278.31,12490.0,17.055999999999997
20171110,56.74,3.031,2101.0,6786.0,1275.07,12110.0,16.8835
20171109,57.17,3.029,2093.0,6808.0,1285.07,12300.0,16.9993
20171108,56.81,3.031,2109.0,6855.0,1281.36,12700.0,17.0395
20171107,57.2,3.032,2132.0,6826.0,1275.3,12655.0,16.9499
20171106,57.35,3.0439999999999996,2171.0,6970.0,1281.95,12920.0,17.2204
20171103,55.64,3.033,2185.0,6895.0,1269.91,12725.0,16.843
20171102,54.54,3.035,2173.5,6929.0,1276.13,12605.0,17.1144
20171101,54.3,3.034,2185.0,6930.0,1274.66,12725.0,17.14
20171031,54.38,3.035,2160.0,6839.0,1271.45,12295.0,16.7175
20171030,54.15,3.043,2163.0,6867.0,1276.29,11675.0,16.855
20171027,53.9,3.0269999999999997,2168.0,6830.0,1273.35,11580.0,16.866
20171026,52.64,3.029,2190.0,6986.0,1266.99,11750.0,16.792
20171025,52.18,3.02,2186.0,7010.0,1277.53,11865.0,16.95
20171024,52.47,3.022,2155.0,7035.5,1276.58,11995.0,16.9475
20171023,51.9,3.02,2137.0,7004.0,1282.27,11860.0,17.085
20171020,51.47,3.033,2136.0,6952.0,1280.47,11735.0,17.0293
20171019,51.29,3.036,2153.0,6967.0,1290.13,11740.0,17.2535
20171018,52.04,3.03,2121.0,6990.0,1281.08,11650.0,16.9992
20171017,51.88,3.0269999999999997,2140.0,7027.0,1285.12,11765.0,17.0375
20171016,51.87,3.0410000000000004,2136.0,7134.5,1295.79,11865.0,17.2291
20171013,51.45,3.03,2133.5,6882.0,1303.82,11720.0,17.42
20171012,50.6,3.022,2146.5,6887.0,1293.72,11395.0,17.2495
20171011,51.3,3.015,2130.0,6800.0,1291.72,11135.0,17.175
20171010,50.92,3.03,2163.0,6760.0,1288.03,11055.0,17.1219
20171009,49.58,3.03,2173.5,6666.0,1284.05,11015.0,16.97
20171006,49.29,3.0210000000000004,2153.0,6666.5,1276.68,10600.0,16.8368
20171005,50.79,3.03,2171.5,6700.0,1268.22,10535.0,16.5967
20171004,49.98,3.0269999999999997,2166.0,6521.0,1274.85,10615.0,16.5843
20171003,50.42,3.029,2131.0,6520.0,1271.66,10620.0,16.636
20171002,50.58,3.025,2101.0,6493.0,1271.13,10390.0,16.5849
20170929,51.67,3.023,2102.0,6481.0,1279.75,10500.0,16.655
20170928,51.56,3.034,2131.0,6522.0,1287.3,10440.0,16.8815
20170927,52.14,3.0410000000000004,2131.5,6437.0,1282.78,10240.0,16.7693
20170926,51.88,3.03,2126.0,6413.0,1293.98,10480.0,16.817999999999998
20170925,52.22,3.0239999999999996,2148.0,6450.0,1310.78,10580.0,17.1827
20170922,50.66,3.05,2158.0,6457.0,1297.3,10420.0,16.9986
20170921,50.55,3.0269999999999997,2171.0,6456.0,1291.2,11005.0,16.963
20170920,50.41,3.0389999999999997,2177.0,6526.0,1301.1,11380.0,17.1826
20170919,49.48,3.0410000000000004,2125.0,6539.0,1311.15,11140.0,17.315
20170918,49.91,3.048,2089.5,6527.0,1307.44,11235.0,17.211
20170915,49.89,3.029,2086.0,6507.0,1320.18,11090.0,17.5885
20170914,49.89,3.015,2098.0,6498.0,1329.74,11200.0,17.7952
20170913,49.3,3.003,2110.0,6553.0,1322.37,11360.0,17.7723
20170912,48.23,3.012,2137.0,6668.0,1331.81,11990.0,17.908
20170911,48.07,3.0039999999999996,2122.0,6748.0,1327.54,11765.0,17.8075
20170908,47.48,2.988,2099.0,6693.0,1346.59,11590.0,17.9695
20170907,49.09,2.987,2107.0,6898.5,1349.22,12150.0,18.1262
20170906,49.16,2.965,2104.5,6901.0,1334.22,12165.0,17.8793
20170905,48.66,2.9619999999999997,2096.0,6900.0,1339.71,12080.0,17.8865
20170904,47.974999999999994,2.964,2119.5,6917.0,1333.87,12250.0,17.8742
20170901,47.29,2.966,2136.0,6835.0,1325.23,12035.0,17.73
20170831,47.23,2.9610000000000003,2117.0,6788.0,1321.43,11800.0,17.5791
20170830,45.96,2.95,2087.5,6769.0,1308.6,11585.0,17.4314
20170829,46.44,2.952,2095.0,6791.5,1309.23,11710.0,17.3815
20170828,46.57,2.943,2082.5,6728.75,1310.13,11597.5,17.452
20170825,47.87,2.93,2070.0,6666.0,1291.35,11485.0,17.0665
20170824,47.43,2.9410000000000003,2106.0,6696.0,1286.4,11745.0,16.9735
20170823,48.41,2.949,2097.0,6565.0,1290.96,11660.0,17.0977
20170822,47.64,2.95,2075.0,6580.0,1285.08,11415.0,16.9846
20170821,47.37,2.965,2081.0,6586.0,1291.88,11315.0,17.0147
20170818,48.51,2.9530000000000003,2062.0,6486.0,1284.13,10980.0,16.97
20170817,47.09,2.9539999999999997,2076.0,6490.0,1288.15,10725.0,17.0378
20170816,46.78,2.945,2094.0,6532.0,1283.11,10760.0,17.118
20170815,47.55,2.9589999999999996,2049.0,6379.0,1271.53,10350.0,16.6365
20170814,47.59,2.969,2023.0,6397.0,1282.15,10450.0,17.0815
20170811,48.82,2.963,2042.5,6411.0,1289.31,10660.0,17.1175
20170810,48.59,2.963,2037.0,6423.0,1286.53,10985.0,17.1225
20170809,49.56,2.9589999999999996,2027.5,6455.0,1277.3,10760.0,16.951
20170808,49.17,2.971,2030.0,6480.0,1260.96,10630.0,16.4565
20170807,49.39,2.9589999999999996,1964.0,6414.0,1257.85,10400.0,16.2775
20170804,49.58,2.9530000000000003,1910.5,6372.0,1258.88,10250.0,16.27
20170803,49.03,2.965,1916.0,6352.0,1268.6,10380.0,16.6589
20170802,49.59,2.95,1926.0,6352.0,1266.65,10350.0,16.585
20170801,49.16,2.935,1907.0,6345.0,1268.76,10290.0,16.7129
20170731,50.17,2.927,1918.0,6369.0,1269.44,10215.0,16.8271
20170728,49.71,2.9360000000000004,1907.0,6325.0,1269.64,10200.0,16.757
20170727,49.04,2.923,1938.0,6330.0,1259.15,10130.0,16.5804
20170726,48.75,2.923,1942.0,6329.0,1260.53,10040.0,16.6507
20170725,47.89,2.9219999999999997,1930.0,6225.0,1250.06,10005.0,16.495
20170724,46.34,2.911,1912.0,6027.0,1255.3,9780.0,16.4865
20170721,45.77,2.955,1915.0,6004.0,1254.98,9520.0,16.5196
20170720,46.79,2.971,1917.0,5958.5,1244.49,9495.0,16.3338
20170719,47.12,2.97,1920.0,5966.5,1241.25,9650.0,16.2862
20170718,46.4,2.986,1931.0,6007.0,1242.47,9780.0,16.2883
20170717,46.02,2.972,1918.0,5996.0,1234.11,9600.0,16.1177
20170714,46.54,2.97,1927.0,5926.0,1228.7,9575.0,15.99
20170713,46.08,2.965,1923.0,5876.0,1217.58,9210.0,15.7025
20170712,45.49,2.94,1889.0,5905.0,1220.51,9205.0,15.9183
20170711,45.04,2.949,1900.0,5875.0,1217.72,9130.0,15.856
20170710,44.4,2.95,1897.0,5824.0,1214.36,9000.0,15.6568
20170707,44.23,2.943,1930.0,5828.0,1212.46,8920.0,15.615
20170706,45.52,2.948,1944.0,5851.0,1225.22,9075.0,16.0455
20170705,45.13,2.96,1929.0,5841.0,1227.04,9160.0,16.0913
20170704,46.1,2.9765,1928.0,5892.0,1223.42,9180.0,16.088
20170703,47.07,2.9930000000000003,1927.0,5928.0,1220.2,9390.0,16.132
20170630,46.04,3.0039999999999996,1919.0,5937.0,1241.61,9390.0,16.6325
20170629,44.93,2.9960000000000004,1915.0,5940.0,1245.51,9290.0,16.623
20170628,44.74,2.992,1896.0,5881.0,1249.27,9270.0,16.8113
20170627,44.24,2.9989999999999997,1883.0,5858.0,1247.17,9260.0,16.666
20170626,43.38,3.013,1862.0,5794.5,1244.72,9025.0,16.6088
20170623,43.01,3.025,1865.0,5800.5,1256.71,9080.0,16.713
20170622,42.74,3.0269999999999997,1870.0,5742.0,1250.51,9020.0,16.5554
20170621,42.53,3.0269999999999997,1867.0,5742.0,1246.48,9005.0,16.4673
20170620,43.23,3.011,1886.5,5657.0,1243.01,8820.0,16.4663
20170619,44.2,2.998,1886.5,5724.0,1243.84,9010.0,16.503
20170616,44.74,3.008,1867.0,5663.0,1253.73,8940.0,16.703
20170615,44.46,3.017,1872.0,5661.0,1253.98,8850.0,16.7515
20170614,44.73,3.013,1882.5,5699.0,1260.86,8945.0,16.8992
20170613,46.46,3.0189999999999997,1889.0,5717.0,1266.55,8800.0,16.8594
20170612,46.08,3.009,1889.0,5772.0,1266.18,8795.0,16.962
20170609,45.83,3.01,1907.0,5804.0,1266.76,8980.0,17.2063
20170608,45.64,3.012,1902.5,5729.5,1278.01,8815.0,17.4394
20170607,45.72,3.0,1906.0,5621.0,1287.15,8810.0,17.6042
20170606,48.19,2.997,1901.0,5616.0,1294.39,8865.0,17.715
20170605,47.4,2.992,1903.0,5628.0,1279.8,8910.0,17.5455
20170602,47.66,3.0,1931.0,5665.0,1279.17,8915.0,17.555
20170601,48.36,2.985,1927.0,5699.0,1265.96,8840.0,17.295
20170531,48.32,2.9810000000000003,1928.0,5682.0,1268.92,8970.0,17.3278
20170530,49.66,2.9960000000000004,1926.0,5656.0,1263.09,9115.0,17.405
20170529,49.73,2.9930000000000003,1938.5,5656.75,1268.1,9097.5,17.3997
20170526,49.8,2.99,1951.0,5657.5,1266.76,9080.0,17.352
20170525,48.9,2.9989999999999997,1960.0,5724.0,1255.67,9040.0,17.1657
20170524,51.36,2.9930000000000003,1945.0,5682.0,1258.73,9100.0,17.2346
20170523,51.47,3.0039999999999996,1943.0,5714.0,1251.22,9345.0,17.0646
20170522,50.73,3.011,1938.0,5703.0,1260.63,9395.0,17.167
20170519,50.33,3.008,1943.5,5682.0,1255.93,9360.0,16.87
20170518,49.35,3.0189999999999997,1923.0,5580.0,1247.07,9175.0,16.585
20170517,49.07,3.017,1924.5,5610.0,1261.36,9215.0,16.905
20170516,48.66,3.0039999999999996,1923.0,5611.0,1237.24,9120.0,16.855999999999998
20170515,48.85,2.9989999999999997,1905.5,5613.0,1230.82,9235.0,16.633
20170512,47.84,3.005,1891.0,5559.5,1228.43,9315.0,16.4672
20170511,47.83,3.009,1875.0,5543.0,1225.04,9315.0,16.3385
20170510,47.33,3.011,1865.0,5500.5,1219.1,9120.0,16.198
20170509,45.88,3.016,1870.0,5512.0,1221.23,9215.0,16.1922
20170508,46.43,3.0180000000000002,1879.0,5486.0,1226.23,9145.0,16.230999999999998
20170505,46.22,3.0460000000000003,1903.0,5585.0,1228.01,9140.0,16.343
20170504,45.52,3.035,1913.0,5543.0,1228.16,9015.0,16.327
20170503,47.82,3.03,1924.0,5600.0,1238.17,9230.0,16.4735
20170502,47.66,3.0210000000000004,1929.5,5802.0,1256.76,9515.0,16.8335
20170501,48.84,3.0260000000000002,1920.5,5768.75,1256.58,9482.5,16.8567
20170428,49.33,3.063,1911.5,5735.5,1268.28,9450.0,17.2154
20170427,48.97,3.06,1924.0,5692.0,1264.3,9335.0,17.2675
20170426,49.62,3.0789999999999997,1964.5,5715.0,1269.22,9230.0,17.4927
20170425,49.56,3.072,1963.0,5706.0,1264.13,9320.0,17.607
20170424,49.23,3.0669999999999997,1946.0,5655.0,1276.31,9260.0,17.939
20170421,49.62,3.07,1933.5,5623.0,1284.44,9345.0,17.932000000000002
20170420,50.27,3.089,1943.0,5623.0,1281.9,9480.0,18.0331
20170419,50.44,3.07,1903.0,5556.0,1280.21,9340.0,18.146
20170418,52.41,3.0439999999999996,1892.0,5572.0,1289.76,9310.0,18.303
20170417,52.65,3.016,1897.6666666666667,5612.0,1284.71,9456.666666666666,18.4181
20170414,52.915,3.0170000000000003,1903.3333333333333,5652.0,1285.69,9603.333333333334,18.544
20170413,53.18,3.0180000000000002,1909.0,5692.0,1287.92,9750.0,18.544
20170412,53.11,2.992,1898.0,5628.0,1286.78,9735.0,18.493
20170411,53.4,2.9930000000000003,1921.0,5767.0,1274.86,9840.0,18.3395
20170410,53.08,2.98,1926.5,5747.0,1254.68,10180.0,17.9535
20170407,52.24,2.985,1962.0,5834.0,1254.53,10180.0,18.0305
20170406,51.7,2.9810000000000003,1953.0,5858.0,1251.7,10080.0,18.2621
20170405,51.15,2.997,1961.0,5895.0,1255.76,10295.0,18.314
20170404,51.03,2.985,1938.0,5779.5,1256.28,9980.0,18.3105
20170403,50.24,2.99,1952.0,5753.0,1253.5,9850.0,18.271
20170331,50.6,2.9810000000000003,1962.5,5837.5,1249.2,10025.0,18.2664
20170330,50.35,2.992,1972.0,5956.0,1242.64,10135.0,18.1163
20170329,49.51,3.0060000000000002,1960.0,5907.0,1253.45,10045.0,18.244
20170328,48.37,2.9819999999999998,1944.0,5873.0,1251.82,9995.0,18.195
20170327,47.73,3.0,1930.0,5760.0,1254.86,9770.0,18.1105
20170324,47.97,3.0,1939.0,5804.0,1243.57,9870.0,17.762999999999998
20170323,47.7,3.003,1933.5,5825.0,1245.2,10030.0,17.5895
20170322,48.04,2.9930000000000003,1922.0,5808.0,1248.84,10020.0,17.5412
20170321,47.34,2.997,1927.0,5776.0,1244.81,10160.0,17.5294
20170320,48.22,2.992,1922.0,5880.0,1234.24,10165.0,17.4314
20170317,48.78,2.984,1914.0,5935.0,1229.26,10260.0,17.404
20170316,48.75,2.978,1900.0,5909.0,1226.61,10220.0,17.3182
20170315,48.86,2.969,1887.0,5864.0,1219.88,10205.0,17.346
20170314,47.72,2.972,1860.0,5820.0,1199.12,10230.0,16.8843
20170313,48.4,3.002,1881.0,5796.0,1204.3,10170.0,16.9798
20170310,48.49,3.011,1880.0,5732.0,1204.64,9895.0,17.0398
20170309,49.28,3.022,1868.0,5690.0,1201.24,10150.0,16.965999999999998
20170308,50.28,3.0239999999999996,1877.0,5765.5,1208.31,10200.0,17.2345
20170307,53.14,3.02,1876.0,5773.0,1215.86,10645.0,17.4935
20170306,53.2,3.02,1876.5,5858.0,1225.29,11095.0,17.7827
20170303,53.33,3.029,1892.0,5917.0,1234.81,10990.0,17.9749
20170302,52.61,3.023,1911.0,5930.0,1234.25,10780.0,17.7712
20170301,53.83,3.0180000000000002,1949.0,6016.0,1249.69,11030.0,18.42
20170228,54.01,2.987,1924.0,5973.0,1248.44,10980.0,18.3125
20170227,54.05,2.978,1900.0,5934.0,1252.73,11045.0,18.266
20170224,53.99,2.9810000000000003,1885.0,5928.0,1257.19,10860.0,18.3703
20170223,54.45,2.983,1867.0,5859.0,1249.56,10580.0,18.1875
20170222,53.59,2.978,1884.5,6040.0,1237.44,10810.0,18.027
20170221,54.06,2.965,1886.0,6060.0,1235.74,10855.0,17.972
20170220,53.730000000000004,2.977,1900.0,6070.0,1238.47,11150.0,18.0535
20170217,53.4,2.989,1880.0,5960.0,1234.6,11050.0,17.9969
20170216,53.36,2.9930000000000003,1897.0,6000.0,1239.04,11070.0,18.098
20170215,53.11,2.99,1913.0,6067.0,1233.7,10930.0,17.989
20170214,53.2,2.989,1887.0,6021.0,1228.13,10770.0,17.957
20170213,52.93,2.997,1871.0,6106.0,1225.26,10730.0,17.8235
20170210,53.86,3.002,1874.0,6090.0,1233.62,10660.0,17.9487
20170209,53.0,3.022,1850.0,5822.0,1228.36,10280.0,17.6495
20170208,52.34,3.0189999999999997,1847.5,5895.0,1241.53,10495.0,17.777
20170207,52.17,3.029,1831.0,5795.0,1233.85,10355.0,17.7085
20170206,53.01,3.0039999999999996,1834.5,5846.0,1235.53,10450.0,17.739
20170203,53.83,2.9939999999999998,1834.5,5772.0,1220.3,10225.0,17.5129
20170202,53.54,3.0210000000000004,1829.0,5886.0,1215.96,10395.0,17.485
20170201,53.88,3.0069999999999997,1819.0,5945.0,1209.84,10250.0,17.5455
20170131,52.81,3.008,1819.0,5991.0,1210.72,9955.0,17.5557
20170130,52.63,3.011,1802.0,5820.0,1195.7,9680.0,17.123
20170127,53.17,3.0069999999999997,1816.0,5899.0,1191.2,9475.0,17.1416
20170126,53.78,3.0189999999999997,1820.0,5857.0,1188.5,9410.0,16.8073
20170125,52.75,3.02,1833.5,5942.0,1200.69,9700.0,16.9985
20170124,53.18,3.0269999999999997,1867.0,5943.0,1208.94,9800.0,17.109
20170123,52.75,3.04,1849.5,5795.0,1218.23,9710.0,17.2363
20170120,52.42,3.0410000000000004,1845.0,5748.0,1210.32,9700.0,17.0907
20170119,51.37,3.062,1826.0,5739.5,1204.85,9925.0,17.02
20170118,51.08,3.0639999999999996,1834.5,5769.0,1204.3,10175.0,17.0595
20170117,52.48,3.056,1798.0,5754.0,1217.07,10160.0,17.1973
20170116,52.425,3.0605,1792.0,5865.0,1202.73,10260.0,16.8101
20170113,52.37,3.065,1809.0,5909.0,1197.34,10450.0,16.8235
20170112,53.01,3.074,1790.0,5842.0,1195.43,10275.0,16.782
20170111,52.25,3.056,1758.0,5714.0,1191.62,10180.0,16.7315
20170110,50.82,3.0469999999999997,1749.0,5758.0,1187.88,10615.0,16.7889
20170109,51.96,3.0,1726.0,5591.0,1181.1,10390.0,16.565
20170106,53.99,3.013,1713.0,5590.0,1172.63,10245.0,16.4912
20170105,53.76,3.002,1702.5,5580.0,1180.12,10295.0,16.585
20170104,53.26,2.986,1685.0,5644.0,1163.65,10220.0,16.4325
20170103,52.33,2.992,1687.0,5500.0,1158.84,9910.0,16.2965
20161230,53.72,3.003,1693.0,5535.5,1147.5,10020.0,15.9278
20161229,53.77,3.005,1679.0,5487.0,1158.19,10120.0,16.1602
20161228,54.06,3.002,1705.0,5545.0,1141.67,10100.0,16.0262
20161227,53.9,2.985,1709.6666666666667,5519.666666666667,1138.78,10203.333333333334,15.9695
20161226,53.46,2.98,1714.3333333333333,5494.333333333333,1136.04,10306.666666666666,15.74
20161223,53.02,2.975,1719.0,5469.0,1133.3,10410.0,15.7536
20161222,52.95,2.964,1722.0,5518.0,1128.38,10730.0,15.7937
20161221,52.49,3.008,1725.0,5515.0,1131.61,10830.0,15.9333
20161220,52.23,2.9739999999999998,1721.0,5502.0,1132.35,10925.0,16.0988
20161219,52.12,3.029,1712.0,5496.0,1138.21,10880.0,15.968
20161216,51.9,3.025,1717.0,5635.5,1134.88,11170.0,16.0959
20161215,50.9,3.002,1735.5,5732.0,1128.5,11300.0,15.9703
20161214,51.04,2.995,1746.0,5722.0,1142.95,11420.0,16.84
20161213,52.98,3.011,1741.0,5690.0,1158.54,11390.0,16.915
20161212,52.83,3.023,1731.0,5768.0,1162.22,11300.0,17.0752
20161209,51.5,3.028,1750.0,5826.0,1159.86,11470.0,16.8623
20161208,50.84,3.031,1724.0,5782.0,1170.78,11105.0,17.021
20161207,49.77,3.015,1707.0,5785.0,1173.98,11410.0,17.117
20161206,50.93,3.0060000000000002,1709.0,5884.0,1169.85,11610.0,16.7215
20161205,51.79,3.0380000000000003,1734.5,5950.0,1170.38,11640.0,16.7528
20161202,51.68,3.0380000000000003,1714.5,5760.0,1177.43,11455.0,16.7422
20161201,51.06,3.051,1722.0,5791.0,1171.69,11210.0,16.518
20161130,49.44,3.0380000000000003,1732.0,5825.0,1173.2,11250.0,16.5112
20161129,45.23,3.034,1721.0,5705.0,1188.31,11080.0,16.6295
20161128,47.08,3.0610000000000004,1747.0,5881.0,1194.0,11630.0,16.609
20161125,46.06,3.071,1757.0,5879.0,1183.56,11560.0,16.5315
20161124,47.010000000000005,3.0715000000000003,1770.0,5868.0,1181.67,11580.0,16.2949
20161123,47.96,3.072,1778.0,5740.0,1188.32,11600.0,16.3685
20161122,48.03,3.074,1760.0,5613.0,1212.32,11370.0,16.6502
20161121,47.49,3.092,1722.0,5559.0,1214.23,11400.0,16.593
20161118,45.69,3.082,1694.0,5423.0,1207.89,10845.0,16.5673
20161117,45.42,3.065,1688.0,5495.5,1216.42,11245.0,16.676
20161116,45.57,3.036,1697.0,5433.0,1224.99,11330.0,16.9795
20161115,45.81,3.023,1735.0,5525.0,1228.73,11295.0,17.077
20161114,43.32,3.055,1735.0,5559.0,1221.35,11260.0,16.9335
20161111,43.41,3.049,1745.0,5549.0,1227.64,11210.0,17.3678
20161110,44.66,3.036,1770.0,5601.0,1259.2,11540.0,18.611
20161109,45.27,3.034,1753.0,5413.0,1277.98,11575.0,18.4895
20161108,44.98,3.036,1731.0,5235.5,1275.68,11260.0,18.375
20161107,44.89,3.06,1727.0,5098.0,1281.64,11130.0,18.1853
20161104,44.07,3.0460000000000003,1722.0,4991.0,1305.06,10460.0,18.4274
20161103,44.66,3.056,1731.0,4960.0,1302.7,10480.0,18.3605
20161102,45.34,3.063,1726.5,4920.0,1296.81,10320.0,18.4818
20161101,46.67,3.083,1735.0,4920.0,1288.2,10405.0,18.3633
20161031,46.86,3.0810000000000004,1734.0,4853.0,1277.21,10475.0,17.91
20161028,48.7,3.088,1719.0,4843.0,1275.47,10430.0,17.7584
20161027,49.72,3.062,1699.0,4790.0,1268.4,10360.0,17.629
20161026,49.18,3.02,1679.0,4740.0,1267.1,10260.0,17.6285
20161025,49.96,3.062,1669.0,4735.0,1273.87,10225.0,17.7665
20161024,50.52,3.085,1630.5,4638.0,1264.44,10105.0,17.5944
20161021,50.85,3.085,1625.0,4635.0,1266.46,9960.0,17.5461
20161020,50.43,3.082,1612.0,4652.0,1265.76,10130.0,17.5367
20161019,51.6,3.075,1631.5,4671.0,1269.23,10310.0,17.68
20161018,50.29,3.085,1642.0,4681.0,1262.5,10410.0,17.6175
20161017,49.94,3.073,1660.5,4675.0,1255.85,10290.0,17.468
20161014,50.35,3.0639999999999996,1675.0,4675.5,1251.03,10485.0,17.4211
20161013,50.44,3.073,1692.0,4712.0,1258.09,10430.0,17.4933
20161012,50.18,3.063,1685.0,4814.0,1255.25,10565.0,17.5295
20161011,50.79,3.071,1679.0,4812.0,1252.8,10425.0,17.4573
20161010,51.35,3.0260000000000002,1690.5,4848.5,1259.65,10520.0,17.6357
20161007,49.81,3.03,1675.0,4778.0,1257.08,10200.0,17.5463
20161006,50.44,3.009,1677.0,4756.0,1254.38,10255.0,17.3182
20161005,49.83,3.015,1675.0,4799.5,1266.85,10080.0,17.7403
20161004,48.69,2.9760000000000004,1669.0,4805.0,1268.44,10080.0,17.8048
20161003,48.81,2.99,1678.0,4819.0,1311.6,10350.0,18.8165
20160930,48.24,2.975,1673.0,4865.0,1315.87,10575.0,19.174
20160929,47.83,2.986,1671.0,4841.0,1320.37,10435.0,19.1031
20160928,47.05,3.0039999999999996,1665.0,4818.0,1321.54,10695.0,19.1912
20160927,44.67,3.025,1651.0,4787.0,1327.32,10630.0,19.1483
20160926,45.93,3.052,1661.0,4841.0,1337.95,10530.0,19.4494
20160923,44.48,3.04,1637.0,4855.0,1337.56,10660.0,19.6894
20160922,46.32,3.049,1633.0,4853.0,1337.07,10660.0,19.8745
20160921,45.34,3.0639999999999996,1584.0,4763.0,1335.17,10350.0,19.8415
20160920,43.44,3.06,1577.0,4793.0,1314.84,10310.0,19.2502
20160919,43.3,3.0639999999999996,1583.0,4776.0,1313.19,10150.0,19.165
20160916,43.03,3.0660000000000003,1575.5,4788.0,1310.35,9725.0,18.7854
20160915,43.91,3.074,1572.0,4781.0,1314.75,9715.0,18.9845
20160914,43.58,3.082,1586.0,4771.5,1322.94,9840.0,18.9618
20160913,44.9,3.0810000000000004,1565.0,4650.0,1319.05,9860.0,18.8678
20160912,46.29,3.092,1568.0,4648.0,1327.82,10080.0,19.111
20160909,45.88,3.09,1578.5,4633.0,1327.83,10370.0,19.0495
20160908,47.62,3.113,1590.5,4664.0,1338.3,10345.0,19.62
20160907,45.5,3.0989999999999998,1593.0,4650.0,1345.18,10210.0,19.7985
20160906,44.83,3.108,1589.0,4620.0,1350.0,10110.0,20.055999999999997
20160905,44.635,3.1100000000000003,1580.0,4626.0,1327.08,10070.0,19.5124
20160902,44.44,3.112,1594.0,4627.0,1325.21,10060.0,19.4475
20160901,43.16,3.114,1615.0,4630.0,1313.89,9910.0,18.8945
20160831,44.7,3.1519999999999997,1614.0,4617.0,1308.97,9765.0,18.655
20160830,46.35,3.1319999999999997,1630.0,4607.0,1311.11,9830.0,18.6025
20160829,46.98,3.137,1636.25,4611.0,1323.38,9820.0,18.878
20160826,47.64,3.138,1642.5,4615.0,1321.18,9810.0,18.6563
20160825,47.33,3.153,1644.5,4626.0,1321.97,9845.0,18.5496
20160824,46.77,3.176,1646.0,4632.0,1324.13,9995.0,18.552
20160823,48.1,3.1519999999999997,1669.0,4710.0,1337.56,10265.0,18.8175
20160822,47.05,3.142,1667.0,4748.5,1339.09,10265.0,18.9102
20160819,48.52,3.145,1667.0,4798.0,1341.47,10355.0,19.3075
20160818,48.22,3.162,1683.0,4809.0,1352.36,10350.0,19.7525
20160817,46.79,3.159,1694.0,4774.0,1348.73,10220.0,19.695999999999998
20160816,46.58,3.147,1693.0,4811.0,1346.24,10255.0,19.7885
20160815,45.74,3.133,1676.0,4767.0,1339.4,10510.0,19.819000000000003
20160812,44.49,3.1319999999999997,1655.0,4761.0,1335.97,10305.0,19.7125
20160811,43.49,3.135,1653.0,4848.0,1338.78,10735.0,19.9685
20160810,41.71,3.1460000000000004,1647.0,4821.0,1346.61,10860.0,20.153
20160809,42.77,3.17,1642.0,4779.0,1340.73,10780.0,19.8577
20160808,43.02,3.181,1643.0,4810.0,1335.31,10770.0,19.7375
20160805,41.8,3.177,1645.0,4789.0,1336.0,10715.0,19.7095
20160804,41.93,3.181,1622.5,4831.0,1361.15,10605.0,20.354
20160803,40.83,3.16,1642.0,4875.0,1358.18,10735.0,20.4103
20160802,39.51,3.158,1625.0,4892.0,1363.57,10725.0,20.6225
20160801,40.06,3.15,1635.0,4882.0,1353.15,10735.0,20.445
20160729,41.6,3.17,1644.0,4925.0,1351.28,10630.0,20.3363
20160728,41.14,3.167,1609.0,4896.5,1335.75,10695.0,20.1665
20160727,41.92,3.1660000000000004,1592.0,4850.0,1340.08,10355.0,20.365
20160726,42.92,3.178,1592.0,4930.0,1320.26,10350.0,19.6407
20160725,43.13,3.18,1605.0,4899.0,1315.6,10475.0,19.562
20160722,44.19,3.174,1611.0,4920.0,1322.73,10410.0,19.6325
20160721,44.75,3.17,1601.0,4976.0,1331.43,10760.0,19.788
20160720,44.94,3.161,1625.0,4966.0,1316.06,10580.0,19.4095
20160719,44.65,3.1710000000000003,1647.0,4984.0,1332.01,10560.0,19.9145
20160718,45.24,3.1830000000000003,1659.0,4939.0,1328.85,10545.0,20.0545
20160715,45.95,3.178,1669.0,4918.0,1337.45,10280.0,20.2325
20160714,45.68,3.1889999999999996,1683.0,4941.0,1335.23,10360.0,20.3135
20160713,44.75,3.19,1673.0,4938.0,1342.64,10350.0,20.3575
20160712,46.8,3.176,1676.0,4869.0,1333.1,10490.0,20.1725
20160711,44.76,3.176,1652.0,4749.0,1355.4,10045.0,20.28
20160708,45.41,3.18,1663.0,4710.5,1366.33,9880.0,20.2742
20160707,45.14,3.178,1638.0,4687.0,1360.45,9750.0,19.6875
20160706,47.43,3.185,1653.0,4750.0,1363.78,9985.0,20.092
20160705,46.6,3.1630000000000003,1655.0,4817.0,1356.45,9705.0,19.9375
20160704,47.795,3.1745,1649.5,4893.0,1350.79,10195.0,20.3246
20160701,48.99,3.1860000000000004,1664.5,4911.0,1341.35,9970.0,19.7598
20160630,48.33,3.173,1649.0,4845.0,1321.9,9445.0,18.7148
20160629,49.88,3.158,1635.5,4838.0,1319.15,9440.0,18.2968
20160628,47.85,3.159,1624.0,4818.0,1311.79,9340.0,17.7805
20160627,46.33,3.1289999999999996,1596.0,4710.0,1324.6,8980.0,17.7415
20160624,47.64,3.1460000000000004,1617.5,4698.0,1315.75,9020.0,17.745
20160623,50.11,3.138,1642.0,4780.0,1256.84,9225.0,17.291
20160622,49.13,3.139,1634.0,4701.0,1266.22,9230.0,17.2653
20160621,48.85,3.135,1635.5,4670.0,1268.12,9190.0,17.2895
20160620,49.37,3.145,1633.0,4644.0,1289.9,9285.0,17.4977
20160617,47.98,3.1430000000000002,1615.0,4552.0,1298.65,9065.0,17.5
20160616,46.21,3.156,1604.0,4535.0,1278.43,8870.0,17.192999999999998
20160615,48.01,3.156,1626.0,4639.5,1291.75,9045.0,17.5225
20160614,48.49,3.161,1610.0,4510.5,1285.72,8885.0,17.3942
20160613,48.88,3.178,1600.0,4557.0,1283.86,8890.0,17.45
20160610,49.07,3.214,1573.0,4510.0,1274.24,8925.0,17.3315
20160609,50.56,3.2319999999999998,1577.0,4515.0,1269.8,8935.0,17.2775
20160608,51.23,3.2430000000000003,1604.0,4578.0,1262.8,8960.0,17.0405
20160607,50.36,3.245,1564.0,4567.0,1243.81,8585.0,16.392
20160606,49.69,3.221,1552.5,4688.0,1245.34,8665.0,16.4772
20160603,48.62,3.22,1544.0,4688.0,1244.2,8495.0,16.413
20160602,49.17,3.2319999999999998,1540.0,4597.0,1211.0,8470.0,15.991
20160601,49.01,3.2260000000000004,1569.0,4617.0,1212.98,8475.0,15.9595
20160531,49.1,3.248,1556.0,4671.0,1215.32,8435.0,15.9956
20160530,49.215,3.2455000000000003,1556.0,4683.0,1204.95,8427.5,15.9933
20160527,49.33,3.2430000000000003,1556.0,4695.0,1212.38,8420.0,16.2276
20160526,49.48,3.2310000000000003,1555.5,4661.0,1219.8,8395.0,16.325
20160525,49.56,3.205,1544.0,4654.0,1224.41,8350.0,16.3175
20160524,48.62,3.161,1556.0,4601.0,1227.21,8400.0,16.2215
20160523,48.08,3.14,1554.0,4562.0,1249.13,8330.0,16.3845
20160520,47.75,3.13,1547.0,4578.0,1251.98,8500.0,16.5295
20160519,48.16,3.142,1545.0,4580.0,1254.75,8555.0,16.486
20160518,48.19,3.117,1551.5,4612.5,1258.5,8635.0,16.9035
20160517,48.31,3.137,1545.0,4657.0,1278.95,8795.0,17.247
20160516,47.72,3.153,1548.0,4645.0,1274.16,8720.0,17.1418
20160513,46.21,3.1519999999999997,1535.5,4627.5,1273.45,8640.0,17.111
20160512,46.7,3.173,1545.0,4613.0,1263.68,8630.0,16.977
20160511,46.23,3.1839999999999997,1564.0,4708.0,1277.21,8885.0,17.4113
20160510,44.66,3.1839999999999997,1554.0,4680.0,1265.84,8710.0,17.1162
20160509,43.44,3.202,1561.0,4686.0,1263.88,8605.0,17.0305
20160506,44.66,3.22,1598.0,4810.0,1288.99,9065.0,17.4725
20160505,44.32,3.25,1608.5,4785.0,1277.74,9020.0,17.344
20160504,43.78,3.23,1633.5,4867.0,1279.68,9445.0,17.375999999999998
20160503,43.65,3.221,1633.0,4920.0,1286.5,9520.0,17.4272
20160502,44.78,3.215,1656.0,4985.0,1291.55,9482.5,17.5495
20160429,45.92,3.235,1679.0,5050.0,1293.53,9445.0,17.847
20160428,46.03,3.237,1665.0,4942.0,1266.26,9295.0,17.5545
20160427,45.33,3.245,1642.0,4903.0,1245.83,9200.0,17.238
20160426,44.04,3.236,1648.0,4962.0,1243.4,9190.0,17.163
20160425,42.64,3.205,1655.0,4998.0,1237.97,9130.0,17.0017
20160422,43.73,3.19,1652.5,5031.0,1233.03,9090.0,16.9706
20160421,43.18,3.196,1635.0,4997.0,1248.05,9100.0,16.9958
20160420,42.63,3.1710000000000003,1622.0,4981.0,1244.25,9325.0,16.9625
20160419,41.08,3.174,1587.0,4936.0,1250.19,9270.0,16.935
20160418,39.78,3.162,1570.0,4827.0,1232.49,9140.0,16.2245
20160415,40.36,3.148,1555.5,4807.5,1233.99,8915.0,16.236
20160414,41.5,3.1830000000000003,1559.5,4831.0,1227.89,8995.0,16.165
20160413,41.76,3.185,1559.0,4830.0,1242.47,8985.0,16.2151
20160412,42.17,3.18,1533.0,4766.5,1255.63,8860.0,16.192
20160411,40.36,3.174,1508.5,4663.5,1257.88,8560.0,15.9265
20160408,39.72,3.177,1520.0,4650.0,1240.69,8545.0,15.3652
20160407,37.26,3.162,1503.5,4650.5,1240.45,8390.0,15.2237
20160406,37.75,3.157,1515.0,4786.0,1222.47,8590.0,15.071
20160405,35.89,3.1460000000000004,1522.0,4775.0,1231.35,8480.0,15.1425
20160404,35.7,3.138,1536.0,4760.5,1215.43,8365.0,14.9207
20160401,36.79,3.1319999999999997,1536.0,4835.0,1222.6,8320.0,15.0525
20160331,38.34,3.133,1520.0,4847.0,1232.75,8490.0,15.4375
20160330,38.32,3.139,1496.0,4873.0,1225.02,8430.0,15.2213
20160329,38.28,3.1439999999999997,1489.0,4890.5,1242.2,8450.0,15.3625
20160328,39.39,3.1260000000000003,1484.5,4908.666666666667,1221.71,8516.666666666666,15.2388
20160325,39.425,3.096,1480.0,4926.833333333333,1217.05,8583.333333333334,15.1817
20160324,39.46,3.0660000000000003,1475.5,4945.0,1216.82,8650.0,15.1882
20160323,39.79,3.0460000000000003,1479.5,4949.5,1220.11,8695.0,15.25
20160322,41.45,3.028,1500.5,5065.0,1248.32,8790.0,15.88
20160321,39.91,3.003,1512.0,5064.0,1243.75,8770.0,15.84
20160318,39.44,3.017,1521.0,5042.0,1255.4,8660.0,15.8021
20160317,40.2,3.023,1529.0,5069.5,1257.97,8895.0,15.9096
20160316,38.46,3.02,1509.0,4935.0,1262.57,8600.0,15.6187
20160315,36.34,3.008,1520.0,4949.0,1232.38,8555.0,15.28
20160314,37.18,3.0069999999999997,1542.5,4946.0,1235.27,8610.0,15.3492
20160311,38.5,3.017,1561.5,4970.0,1249.45,8830.0,15.4907
20160310,37.84,2.997,1560.0,4890.0,1272.25,8755.0,15.6
20160309,38.29,2.968,1582.0,4935.0,1253.23,8890.0,15.295
20160308,36.5,2.93,1568.0,4868.0,1261.44,8590.0,15.35
20160307,37.9,2.924,1599.5,5000.0,1267.33,9385.0,15.6408
20160304,35.92,2.917,1587.0,5027.5,1258.95,9340.0,15.5063
20160303,34.57,2.918,1577.0,4855.0,1264.25,9000.0,15.225
20160302,34.66,2.911,1590.5,4790.0,1239.98,8725.0,14.945
20160301,34.4,2.906,1573.0,4716.0,1232.15,8680.0,14.824000000000002
20160229,33.75,2.865,1573.0,4695.0,1238.67,8520.0,14.91
20160226,32.78,2.8139999999999996,1560.0,4706.0,1223.46,8490.0,14.6983
20160225,33.07,2.7910000000000004,1557.0,4601.0,1232.91,8340.0,15.1439
20160224,32.15,2.825,1567.0,4642.0,1228.75,8520.0,15.2367
20160223,31.87,2.8089999999999997,1548.0,4645.0,1226.85,8610.0,15.292
20160222,31.48,2.7960000000000003,1574.0,4694.0,1208.63,8770.0,15.1838
20160219,29.64,2.8569999999999998,1549.0,4621.0,1226.8,8575.0,15.35
20160218,30.77,2.8930000000000002,1517.0,4575.5,1230.87,8350.0,15.3975
20160217,30.66,2.9219999999999997,1519.0,4589.0,1208.5,8405.0,15.2817
20160216,29.04,2.93,1522.0,4557.0,1200.44,8340.0,15.2275
20160215,29.240000000000002,2.9475,1511.0,4562.0,1209.3,8270.0,15.3363
20160212,29.44,2.965,1500.0,4500.0,1237.97,7820.0,15.7497
20160211,26.21,2.9930000000000003,1484.5,4445.0,1246.7,7595.0,15.7555
20160210,27.45,3.033,1480.0,4444.0,1197.12,7880.0,15.2725
20160209,27.94,3.063,1481.0,4509.0,1189.13,8090.0,15.2454
20160208,29.69,3.0980000000000003,1502.0,4610.5,1189.23,8215.0,15.312000000000001
20160205,30.89,3.153,1499.0,4630.0,1173.4,8160.0,15.0107
20160204,31.72,3.155,1534.5,4687.0,1155.59,8545.0,14.8575
20160203,32.28,3.147,1525.0,4635.0,1142.63,8520.0,14.6845
20160202,29.88,3.108,1501.0,4549.0,1129.01,8400.0,14.305
20160201,31.62,3.173,1521.0,4560.0,1128.41,8460.0,14.349
20160129,33.62,3.217,1519.0,4561.0,1118.21,8620.0,14.26
20160128,33.22,3.225,1513.5,4530.0,1115.33,8590.0,14.2441
20160127,32.3,3.201,1526.0,4590.0,1124.97,8655.0,14.4823
20160126,31.45,3.202,1495.0,4539.0,1119.91,8670.0,14.5045
20160125,30.34,3.2119999999999997,1476.0,4417.0,1107.9,8550.0,14.2372
20160122,32.19,3.219,1481.5,4443.0,1097.95,8700.0,14.0272
20160121,29.53,3.22,1482.0,4430.0,1101.2,8740.0,14.0928
20160120,26.55,3.21,1469.0,4359.0,1100.92,8550.0,14.152999999999999
20160119,28.46,3.207,1481.0,4408.0,1087.41,8590.0,14.0268
20160118,28.94,3.206,1480.0,4377.0,1089.68,8590.0,13.949000000000002
20160115,29.42,3.205,1473.0,4331.0,1088.88,8395.0,13.927999999999999
20160114,31.2,3.219,1482.5,4415.5,1078.38,8575.0,13.8415
20160113,30.48,3.2110000000000003,1462.0,4392.0,1093.59,8390.0,14.1617
20160112,30.44,3.195,1450.0,4352.0,1086.56,8240.0,13.780999999999999
20160111,31.41,3.2239999999999998,1460.0,4387.0,1094.2,8270.0,13.8639
20160108,33.16,3.26,1492.5,4485.0,1104.15,8560.0,13.9375
20160107,33.27,3.278,1475.0,4524.0,1108.97,8505.0,14.308
20160106,33.97,3.255,1475.0,4620.0,1093.67,8610.0,14.012
20160105,35.97,3.252,1463.0,4645.0,1077.68,8525.0,13.9865
20160104,36.76,3.267,1473.0,4609.5,1074.61,8505.0,13.8735
20160101,36.9,3.2775,1490.0,4657.25,1067.855,8662.5,13.815
20151231,37.04,3.2880000000000003,1507.0,4705.0,1061.1,8820.0,13.8482
20151230,36.6,3.283,1528.0,4735.0,1061.44,8700.0,13.8937
20151229,37.87,3.293,1535.0,4729.0,1069.11,8750.0,13.9583
20151228,36.81,3.31,1534.3333333333333,4716.666666666667,1069.08,8713.333333333334,13.940999999999999
20151225,37.455,3.2965,1533.6666666666667,4704.333333333333,1072.59,8676.666666666666,14.3744
20151224,38.1,3.283,1533.0,4692.0,1076.1,8640.0,14.3822
20151223,37.5,3.283,1536.0,4720.0,1070.5,8670.0,14.3162
20151222,36.14,3.286,1507.0,4665.5,1072.43,8640.0,14.2635
20151221,34.74,3.29,1513.0,4738.0,1078.4,8890.0,14.2498
20151218,34.73,3.287,1505.5,4685.0,1066.25,8765.0,14.1005
20151217,34.95,3.2910000000000004,1476.0,4545.0,1051.1,8630.0,13.7137
20151216,35.52,3.275,1486.0,4609.0,1072.32,8750.0,14.1767
20151215,37.35,3.25,1471.0,4565.0,1061.22,8550.0,13.7813
20151214,36.31,3.275,1491.5,4672.0,1059.86,8750.0,13.6759
20151211,35.62,3.307,1482.0,4703.0,1074.77,8695.0,13.921
20151210,36.76,3.293,1491.0,4590.0,1071.58,8525.0,14.120999999999999
20151209,37.16,3.272,1490.0,4580.0,1072.78,8680.0,14.1654
20151208,37.51,3.2510000000000003,1477.0,4588.0,1074.96,8695.0,14.1687
20151207,37.65,3.242,1485.0,4557.0,1071.34,8760.0,14.249
20151204,39.97,3.2569999999999997,1514.5,4612.0,1086.44,8980.0,14.5505
20151203,41.08,3.25,1473.0,4556.0,1062.11,8850.0,14.1074
20151202,39.94,3.25,1485.5,4563.0,1053.7,8980.0,14.0052
20151201,41.85,3.227,1469.0,4632.0,1069.29,8980.0,14.192
20151130,41.65,3.216,1446.0,4586.0,1064.77,8900.0,14.0848
20151127,41.71,3.193,1457.5,4573.0,1057.45,8775.0,14.0928
20151126,42.375,3.202,1501.0,4636.0,1072.33,9195.0,14.2817
20151125,43.04,3.2110000000000003,1460.0,4549.0,1071.12,8910.0,14.1973
20151124,42.87,3.196,1446.0,4608.0,1075.65,8770.0,14.197000000000001
20151123,41.75,3.19,1435.5,4490.0,1069.18,8300.0,14.1425
20151120,40.39,3.167,1447.0,4580.0,1078.01,8730.0,14.1847
20151119,40.54,3.2039999999999997,1466.0,4630.5,1082.21,8950.0,14.2678
20151118,40.75,3.2460000000000004,1472.0,4611.0,1070.73,8980.0,14.1817
20151117,40.67,3.302,1474.0,4684.0,1070.3,9105.0,14.1905
20151116,41.74,3.304,1467.0,4690.0,1082.76,9310.0,14.2463
20151113,40.74,3.2939999999999996,1491.0,4825.0,1083.91,9425.0,14.2639
20151112,41.75,3.2739999999999996,1492.0,4823.5,1085.2,9410.0,14.3021
20151111,42.93,3.287,1518.0,4943.0,1086.26,9660.0,14.3329
20151110,44.21,3.298,1508.0,4925.5,1089.67,9505.0,14.4388
20151109,43.87,3.295,1512.0,4964.0,1092.31,9580.0,14.5665
20151106,44.29,3.306,1523.0,4987.0,1089.8,9630.0,14.78
20151105,45.2,3.3080000000000003,1507.0,5011.0,1103.92,9800.0,14.984000000000002
20151104,46.32,3.2960000000000003,1504.0,5134.0,1107.9,9860.0,15.0882
20151103,47.9,3.2880000000000003,1501.0,5125.0,1117.79,9900.0,15.2835
20151102,46.14,3.2739999999999996,1493.0,5125.0,1133.84,10125.0,15.4255
20151030,46.59,3.295,1478.5,5112.0,1142.11,10060.0,15.55
20151029,46.06,3.2710000000000004,1470.0,5130.0,1145.97,10375.0,15.5925
20151028,45.94,3.286,1483.0,5204.0,1156.1,10595.0,15.9408
20151027,43.2,3.287,1476.0,5220.0,1166.88,10570.0,15.88
20151026,43.98,3.292,1479.0,5191.0,1163.04,10455.0,15.855
20151023,44.6,3.3310000000000004,1496.0,5176.0,1164.45,10515.0,15.8225
20151022,45.38,3.3680000000000003,1490.0,5232.5,1166.05,10435.0,15.8493
20151021,45.2,3.377,1515.0,5175.0,1167.18,10280.0,15.7065
20151020,45.55,3.3939999999999997,1545.0,5201.0,1176.04,10400.0,15.912
20151019,45.89,3.3739999999999997,1549.5,5206.0,1170.79,10380.0,15.8466
20151016,47.26,3.3680000000000003,1572.5,5285.0,1177.3,10590.0,16.0479
20151015,46.38,3.3689999999999998,1574.0,5308.0,1183.1,10565.0,16.1287
20151014,46.64,3.385,1593.0,5299.0,1184.13,10480.0,16.1316
20151013,46.66,3.383,1594.0,5273.0,1168.84,10475.0,15.9145
20151012,47.1,3.386,1594.0,5315.0,1163.85,10650.0,15.8352
20151009,49.63,3.3760000000000003,1613.0,5295.0,1156.53,10500.0,15.8405
20151008,49.43,3.3760000000000003,1561.0,5135.0,1139.01,10175.0,15.695
20151007,47.81,3.3760000000000003,1577.0,5187.0,1145.54,10170.0,16.06
20151006,48.53,3.3739999999999997,1553.0,5185.0,1147.24,9960.0,15.8916
20151005,46.26,3.345,1564.5,5177.0,1135.75,9950.0,15.655
20151002,45.54,3.332,1558.0,5100.0,1138.6,10030.0,15.2578
20151001,44.74,3.319,1566.0,5095.0,1113.61,10050.0,14.5423
20150930,45.09,3.346,1577.0,5160.0,1115.09,10400.0,14.5205
20150929,45.23,3.373,1564.0,4970.0,1127.43,9875.0,14.645
20150928,44.43,3.403,1551.0,4965.0,1131.95,9875.0,14.599
20150925,45.7,3.406,1567.0,5023.0,1146.2,9950.0,15.1114
20150924,44.91,3.4410000000000003,1579.0,5051.0,1153.95,9900.0,15.1453
20150923,44.48,3.404,1577.0,5057.0,1130.3,9750.0,14.7875
20150922,45.83,3.395,1589.0,5078.0,1124.76,9690.0,14.777999999999999
20150921,46.68,3.405,1616.0,5269.0,1133.44,9865.0,15.202
20150918,44.68,3.4160000000000004,1624.0,5254.0,1139.23,9675.0,15.1725
20150917,46.9,3.429,1632.0,5390.0,1131.51,9995.0,15.15
20150916,47.15,3.4560000000000004,1626.5,5379.0,1119.52,10130.0,14.917
20150915,44.59,3.4810000000000003,1613.5,5347.0,1105.35,10095.0,14.4233
20150914,44.0,3.48,1621.0,5309.0,1109.1,9920.0,14.4398
20150911,44.63,3.469,1640.0,5370.0,1107.95,10300.0,14.6138
20150910,45.92,3.5,1637.5,5398.0,1110.75,10450.0,14.686
20150909,44.15,3.498,1630.0,5365.0,1107.85,10100.0,14.620999999999999
20150908,45.94,3.483,1631.0,5345.0,1121.55,10000.0,14.790999999999999
20150907,45.995,3.48,1600.5,5148.0,1119.35,9750.0,14.5077
20150904,46.05,3.477,1608.0,5120.0,1121.85,9950.0,14.5775
20150903,46.75,3.487,1630.0,5246.0,1125.46,10000.0,14.72
20150902,46.25,3.485,1600.0,5120.0,1134.05,9870.0,14.68
20150901,45.41,3.497,1603.0,5069.0,1140.27,9760.0,14.6165
20150831,49.2,3.4810000000000003,1603.0,5102.0,1134.93,9910.0,14.6275
20150828,45.22,3.484,1603.0,5135.0,1133.6,10060.0,14.5991
20150827,42.56,3.4619999999999997,1560.0,5140.0,1125.0,10060.0,14.4935
20150826,38.6,3.45,1531.5,4935.0,1125.26,9570.0,14.125
20150825,39.31,3.4419999999999997,1557.0,5065.0,1140.49,9610.0,14.6909
20150824,38.24,3.4589999999999996,1521.0,4951.0,1155.11,9515.0,14.767000000000001
20150821,40.45,3.505,1548.0,5055.0,1160.77,10200.0,15.3175
20150820,41.14,3.535,1575.0,5119.0,1152.2,10405.0,15.568
20150819,40.8,3.55,1556.5,4995.0,1133.88,10420.0,15.3235
20150818,42.62,3.589,1554.0,5035.0,1117.71,10360.0,14.884
20150817,41.87,3.592,1568.0,5115.0,1117.7,10625.0,15.3405
20150814,42.5,3.597,1580.5,5165.0,1115.07,10600.0,15.2553
20150813,42.23,3.592,1574.0,5185.0,1115.1,10455.0,15.442
20150812,43.3,3.595,1589.0,5189.5,1124.47,10600.0,15.546
20150811,43.08,3.6,1587.0,5125.0,1108.95,10755.0,15.369000000000002
20150810,44.96,3.623,1618.5,5309.0,1104.51,11150.0,15.2488
20150807,43.87,3.625,1589.0,5173.0,1094.15,10800.0,14.8225
20150806,44.66,3.6310000000000002,1592.5,5185.0,1089.55,10850.0,14.6757
20150805,45.15,3.6310000000000002,1595.0,5178.0,1085.03,10860.0,14.6002
20150804,45.74,3.6319999999999997,1617.0,5235.0,1087.7,10830.0,14.6075
20150803,45.17,3.67,1612.0,5220.0,1086.79,10745.0,14.517000000000001
20150731,47.12,3.6919999999999997,1618.0,5230.0,1095.8,11040.0,14.7813
20150730,48.52,3.722,1643.0,5260.0,1088.76,11025.0,14.753
20150729,48.79,3.7430000000000003,1662.5,5328.0,1096.85,11250.0,14.82
20150728,47.98,3.747,1655.0,5297.5,1095.48,11325.0,14.690999999999999
20150727,47.39,3.748,1639.0,5188.0,1093.98,11030.0,14.562999999999999
20150724,48.14,3.727,1642.5,5263.0,1099.11,11300.0,14.6779
20150723,48.45,3.725,1636.0,5272.5,1090.7,11430.0,14.665999999999999
20150722,49.19,3.745,1659.0,5361.0,1094.24,11470.0,14.807
20150721,50.36,3.7489999999999997,1661.0,5455.0,1101.25,11675.0,14.845
20150720,50.15,3.75,1689.0,5480.0,1096.5,11700.0,14.7055
20150717,50.89,3.7569999999999997,1697.0,5480.0,1134.14,11500.0,14.8875
20150716,50.91,3.75,1716.0,5560.0,1145.39,11630.0,15.0168
20150715,51.41,3.772,1718.0,5531.0,1149.45,11475.0,15.0995
20150714,53.04,3.758,1707.0,5565.0,1156.06,11620.0,15.372
20150713,52.2,3.735,1713.0,5591.0,1157.98,11750.0,15.5112
20150710,52.74,3.735,1699.0,5590.0,1163.74,11260.0,15.5775
20150709,52.78,3.734,1700.0,5630.0,1159.43,11500.0,15.412
20150708,51.65,3.7310000000000003,1671.0,5520.0,1158.33,10960.0,15.161
20150707,52.33,3.718,1674.0,5339.5,1155.26,10650.0,15.074000000000002
20150706,52.53,3.7239999999999998,1695.0,5590.0,1170.33,11700.0,15.7505
20150703,54.730000000000004,3.7435,1710.0,5759.0,1169.1,12000.0,15.6975
20150702,56.93,3.763,1724.0,5795.0,1166.26,12200.0,15.696
20150701,56.96,3.759,1727.0,5775.0,1168.79,12025.0,15.5825
20150630,59.47,3.7560000000000002,1691.0,5765.0,1172.35,11980.0,15.7355
20150629,58.33,3.7439999999999998,1701.0,5790.0,1179.83,11835.0,15.775
20150626,59.63,3.741,1704.0,5755.0,1175.52,12450.0,15.8081
20150625,59.7,3.74,1723.0,5770.0,1173.17,12700.0,15.864
20150624,60.27,3.739,1716.0,5739.0,1175.4,12770.0,15.8955
20150623,61.01,3.736,1725.0,5780.0,1178.63,12860.0,15.878
20150622,59.68,3.737,1709.0,5654.0,1185.98,12410.0,16.22
20150619,59.61,3.7539999999999996,1691.5,5659.0,1200.27,12710.0,16.1075
20150618,60.45,3.7439999999999998,1701.0,5755.0,1201.94,12720.0,16.1787
20150617,59.92,3.767,1704.5,5745.0,1185.55,12750.0,16.1337
20150616,59.97,3.767,1707.0,5750.0,1182.07,12725.0,16.039
20150615,59.52,3.747,1717.0,5815.0,1186.43,12950.0,16.083
20150612,59.96,3.738,1739.0,5912.0,1181.63,13125.0,15.9777
20150611,60.77,3.737,1750.0,5880.0,1182.01,13300.0,16.0455
20150610,61.43,3.7,1759.0,6030.0,1186.06,13600.0,16.0399
20150609,60.14,3.694,1750.0,5965.0,1176.8,13495.0,15.9785
20150608,58.14,3.6839999999999997,1750.0,5948.0,1174.07,13440.0,15.9906
20150605,59.13,3.676,1750.0,5937.0,1171.94,13175.0,16.1132
20150604,58.0,3.715,1743.0,5915.0,1176.89,12950.0,16.1493
20150603,59.64,3.761,1752.0,6011.0,1185.17,13000.0,16.5345
20150602,61.26,3.765,1740.5,6040.0,1193.01,13050.0,16.7995
20150601,60.2,3.7680000000000002,1762.0,6024.0,1189.2,12985.0,16.769000000000002
20150529,60.3,3.767,1740.0,6015.0,1190.58,12620.0,16.7493
20150528,57.68,3.7769999999999997,1776.5,6095.0,1188.4,12810.0,16.703
20150527,57.51,3.785,1738.0,6080.5,1188.09,12825.0,16.7045
20150526,58.03,3.79,1752.0,6106.5,1187.3,12675.0,16.7575
20150525,58.875,3.7895,1760.0,6134.0,1206.6,12692.5,17.1775
20150522,59.72,3.7889999999999997,1768.0,6161.5,1206.21,12710.0,17.1097
20150521,60.72,3.7969999999999997,1773.0,6252.0,1204.86,13000.0,17.160999999999998
20150520,58.98,3.798,1783.5,6220.0,1209.8,13115.0,17.1228
20150519,57.26,3.801,1789.0,6220.0,1207.86,13090.0,17.1134
20150518,59.43,3.8080000000000003,1821.0,6380.0,1225.51,13750.0,17.7255
20150515,59.69,3.803,1853.0,6415.0,1224.8,13980.0,17.5063
20150514,59.88,3.81,1868.0,6401.0,1221.14,13780.0,17.4583
20150513,60.5,3.799,1882.0,6405.0,1215.75,14050.0,17.1248
20150512,60.75,3.79,1895.5,6440.0,1193.94,14350.0,16.5425
20150511,59.25,3.803,1879.0,6365.0,1183.97,14280.0,16.307000000000002
20150508,59.39,3.825,1889.0,6387.5,1188.39,14300.0,16.4675
20150507,58.94,3.807,1883.0,6400.0,1184.51,14140.0,16.33
20150506,60.93,3.81,1921.0,6390.0,1192.24,13970.0,16.5148
20150505,60.4,3.802,1978.0,6480.0,1193.34,14300.0,16.5522
20150504,58.93,3.7960000000000003,1944.0,6440.0,1188.33,14025.0,16.4135
20150501,59.15,3.7889999999999997,1910.0,6400.0,1178.46,13750.0,16.1553
20150430,59.63,3.786,1925.0,6335.0,1184.37,13950.0,16.1533
20150429,58.58,3.785,1883.0,6145.0,1204.71,13420.0,16.555
20150428,57.06,3.778,1874.0,6118.0,1212.17,13445.0,16.634
20150427,56.99,3.78,1837.0,6065.0,1202.15,13550.0,16.403
20150424,57.15,3.8,1822.5,6030.0,1179.0,13195.0,15.7316
20150423,57.74,3.802,1777.5,5940.0,1193.97,12705.0,15.8835
20150422,56.16,3.844,1806.0,5911.0,1187.13,12675.0,15.8065
20150421,55.26,3.8369999999999997,1816.0,5945.0,1202.41,12675.0,16.0275
20150420,56.38,3.8339999999999996,1810.0,5980.0,1195.89,12800.0,15.9783
20150417,55.74,3.833,1815.0,6060.0,1204.22,12555.0,16.2725
20150416,56.71,3.85,1820.0,6060.0,1198.55,12845.0,16.2962
20150415,56.39,3.825,1812.0,5955.0,1202.58,12680.0,16.3475
20150414,53.29,3.813,1789.0,5945.0,1192.78,12595.0,16.1781
20150413,51.91,3.82,1765.0,5990.0,1198.88,12405.0,16.2795
20150410,51.64,3.83,1765.0,6039.0,1207.59,12625.0,16.465
20150409,50.79,3.835,1762.5,5995.0,1194.81,12525.0,16.1945
20150408,50.42,3.842,1771.0,6010.0,1202.57,12575.0,16.5266
20150407,53.98,3.8369999999999997,1784.0,6065.0,1209.22,12550.0,16.8575
20150406,52.14,3.802,1783.3333333333333,6036.666666666667,1214.84,12708.333333333334,16.993
20150403,50.64,3.8055,1782.6666666666667,6008.333333333333,1206.91,12866.666666666666,17.0612
20150402,49.14,3.8089999999999997,1782.0,5980.0,1202.61,13025.0,16.7745
20150401,50.09,3.766,1778.0,6045.0,1203.98,12705.0,16.954
20150331,47.6,3.7769999999999997,1785.0,6041.0,1183.57,12395.0,16.6595
20150330,48.68,3.765,1797.5,6082.0,1186.07,12880.0,16.7295
20150327,48.87,3.7769999999999997,1782.0,6055.0,1198.55,13285.0,16.9577
20150326,51.43,3.802,1789.0,6174.0,1204.81,13700.0,17.116
20150325,49.21,3.8110000000000004,1775.0,6125.0,1195.47,13680.0,16.9722
20150324,47.51,3.843,1791.0,6145.0,1193.28,13950.0,16.965999999999998
20150323,47.45,3.8339999999999996,1798.0,6120.0,1189.54,14300.0,16.980999999999998
20150320,45.72,3.833,1796.0,6045.0,1182.54,14245.0,16.7522
20150319,43.96,3.855,1780.0,5853.0,1171.18,13770.0,16.141
20150318,44.66,3.8539999999999996,1763.0,5670.0,1167.61,13505.0,15.948
20150317,43.46,3.832,1786.0,5785.0,1149.57,13725.0,15.5695
20150316,43.88,3.844,1770.5,5847.5,1154.81,13925.0,15.652999999999999
20150313,44.84,3.8310000000000004,1772.0,5858.5,1158.48,14135.0,15.6566
20150312,47.05,3.835,1748.0,5844.0,1153.73,13905.0,15.6018
20150311,48.17,3.866,1745.0,5730.0,1155.31,13775.0,15.508
20150310,48.29,3.873,1762.0,5765.0,1161.84,14050.0,15.6727
20150309,50.0,3.875,1780.0,5872.0,1167.21,14505.0,15.77
20150306,49.61,3.9,1782.0,5745.0,1167.29,14370.0,15.9025
20150305,50.76,3.9,1802.0,5835.0,1198.4,14200.0,16.219
20150304,51.53,3.931,1800.0,5840.0,1200.34,13940.0,16.247
20150303,50.52,3.937,1792.0,5822.0,1203.74,13675.0,16.2813
20150302,49.59,3.931,1801.0,5905.5,1206.83,13855.0,16.3965
20150227,49.76,3.94,1815.0,5895.0,1213.18,14095.0,16.6003
20150226,48.17,3.9389999999999996,1806.0,5888.0,1209.49,14380.0,16.5695
20150225,50.99,3.969,1794.0,5775.0,1205.0,14385.0,16.5698
20150224,49.28,3.963,1810.0,5785.0,1200.53,14350.0,16.2958
20150223,49.45,3.955,1791.0,5672.0,1201.83,14125.0,16.3379
20150220,50.34,3.983,1793.0,5693.0,1201.94,13955.0,16.2422
20150219,51.16,3.978,1818.0,5750.0,1206.84,13985.0,16.3822
20150218,52.14,4.004,1819.0,5745.0,1212.42,14255.0,16.504
20150217,53.53,3.987,1818.0,5649.5,1209.89,14240.0,16.5223
20150216,53.155,4.0169999999999995,1825.0,5749.0,1232.55,14600.0,17.275
20150213,52.78,4.047,1836.5,5735.0,1229.76,14645.0,17.3625
20150212,51.21,4.007,1841.5,5740.0,1221.98,14705.0,16.854
20150211,48.84,4.006,1822.0,5600.0,1218.83,14750.0,16.8055
20150210,50.02,4.018,1836.0,5595.0,1233.55,14825.0,16.9289
20150209,52.86,3.997,1876.0,5673.0,1239.03,15155.0,16.999000000000002
20150206,51.69,3.995,1871.0,5650.0,1234.04,15235.0,16.7258
20150205,50.48,3.946,1885.0,5720.0,1264.82,15175.0,17.265
20150204,48.45,4.021,1878.0,5705.0,1269.35,15125.0,17.3725
20150203,53.05,4.015,1891.0,5690.0,1260.52,15310.0,17.3
20150202,49.57,3.9989999999999997,1873.0,5500.0,1274.41,15325.0,17.215
20150130,48.24,4.0360000000000005,1864.0,5495.0,1283.79,15165.0,17.2497
20150129,44.53,4.029,1819.0,5395.0,1257.27,14900.0,16.9487
20150128,44.45,4.048,1850.0,5484.0,1284.49,15050.0,17.9955
20150127,46.23,4.0360000000000005,1855.0,5421.0,1292.34,14790.0,18.0616
20150126,45.15,4.042,1879.0,5580.0,1281.4,14750.0,17.9209
20150123,45.59,4.024,1831.0,5519.5,1294.08,14350.0,18.2983
20150122,46.31,4.037,1866.0,5665.0,1302.25,14850.0,18.3342
20150121,47.78,4.026,1867.0,5771.0,1293.09,15025.0,18.127
20150120,46.39,4.008,1844.0,5690.0,1295.32,14775.0,17.9983
20150119,47.54,4.013999999999999,1818.0,5672.0,1275.65,14475.0,17.695
20150116,48.69,4.02,1845.0,5715.0,1280.45,14780.0,17.788
20150115,46.25,4.012,1791.0,5630.0,1262.75,14475.0,16.9468
20150114,48.48,4.074,1774.0,5548.0,1228.72,14310.0,16.8571
20150113,45.89,4.149,1791.5,5860.0,1230.64,14650.0,17.0524
20150112,46.07,4.157,1810.0,6017.0,1233.31,15100.0,16.5825
20150109,48.36,4.252,1810.0,6090.0,1223.25,15300.0,16.505
20150108,48.79,4.263999999999999,1832.0,6104.0,1208.79,15550.0,16.3651
20150107,48.65,4.279,1790.0,6115.0,1211.41,15550.0,16.5354
20150106,47.93,4.329,1787.0,6145.0,1218.58,15260.0,16.5365
20150105,50.04,4.361000000000001,1818.5,6145.0,1204.86,15200.0,16.1885
20150102,52.69,4.361000000000001,1832.0,6255.0,1188.39,14830.0,15.7465
20150101,52.980000000000004,4.368500000000001,1842.25,6277.5,1181.98,14990.0,15.665
20141231,53.27,4.376,1852.5,6300.0,1184.37,15150.0,15.7113
20141230,54.12,4.408,1858.0,6325.0,1200.55,15075.0,16.3048
20141229,53.61,4.419,1859.0,6290.0,1183.29,15050.0,15.807
20141226,54.73,4.416,1859.6666666666667,6294.0,1196.0,15145.0,16.0693
20141225,55.285,4.4175,1860.3333333333333,6298.0,1173.8,15240.0,15.72
20141224,55.84,4.419,1861.0,6302.0,1173.8,15335.0,15.72
20141223,57.12,4.428,1869.0,6330.0,1176.57,15450.0,15.7578
20141222,55.26,4.449,1880.0,6355.0,1176.44,15650.0,15.6789
20141219,56.52,4.47,1906.5,6400.0,1195.74,15600.0,16.0833
20141218,54.11,4.525,1911.0,6315.0,1198.57,15650.0,15.885
20141217,56.47,4.5489999999999995,1921.5,6368.0,1189.71,15625.0,15.7545
20141216,55.93,4.524,1906.5,6365.0,1197.01,16000.0,15.7257
20141215,55.91,4.574,1922.0,6400.0,1193.23,16450.0,16.165
20141212,57.81,4.587,1935.0,6490.0,1222.59,16675.0,17.0342
20141211,59.95,4.596,1946.5,6462.5,1227.72,16280.0,17.096
20141210,60.94,4.6160000000000005,1959.0,6415.0,1226.31,16325.0,17.0647
20141209,63.82,4.626,1972.0,6480.0,1231.06,16540.0,17.0755
20141208,63.05,4.591,1966.0,6405.0,1203.51,16680.0,16.3671
20141205,65.84,4.585,1982.0,6451.0,1192.35,16800.0,16.2868
20141204,66.81,4.559,1994.5,6470.0,1205.27,17120.0,16.4731
20141203,67.38,4.584,1972.0,6380.0,1209.43,16595.0,16.4148
20141202,66.88,4.602,1978.0,6414.0,1198.28,16330.0,16.4705
20141201,69.0,4.613,2026.0,6449.0,1212.1,16300.0,16.46
20141128,66.15,4.5680000000000005,2004.0,6351.0,1167.38,16275.0,15.4515
20141127,69.92,4.559,2044.0,6557.5,1192.67,16355.0,16.25
20141126,73.69,4.55,2061.0,6571.0,1197.87,16350.0,16.517
20141125,74.09,4.5569999999999995,2049.0,6606.0,1200.98,16525.0,16.6892
20141124,75.78,4.578,2046.0,6675.0,1197.14,16650.0,16.4855
20141121,76.51,4.524,2054.5,6725.0,1201.55,16625.0,16.44
20141120,75.58,4.5360000000000005,2033.0,6665.0,1193.79,16355.0,16.2755
20141119,74.58,4.541,2020.0,6685.0,1182.68,16145.0,16.1455
20141118,74.61,4.546,2011.0,6631.0,1197.08,15650.0,16.1974
20141117,75.64,4.571000000000001,2029.0,6704.0,1186.57,15795.0,16.1485
20141114,75.82,4.5680000000000005,2022.0,6705.0,1188.75,15580.0,16.3063
20141113,74.21,4.542,2041.0,6657.0,1162.55,15400.0,15.6597
20141112,77.18,4.564,2060.0,6680.0,1162.6,15610.0,15.6928
20141111,77.94,4.543,2043.0,6692.0,1164.33,15430.0,15.7244
20141110,77.4,4.5280000000000005,2033.5,6665.0,1151.47,15250.0,15.6101
20141107,78.65,4.534,2055.0,6715.0,1177.97,15425.0,15.7875
20141106,77.91,4.537,2076.0,6660.0,1141.92,15500.0,15.418
20141105,78.68,4.55,2060.0,6638.0,1140.54,15325.0,15.3387
20141104,77.19,4.579,2061.5,6648.0,1168.39,15280.0,16.0324
20141103,78.78,4.584,2070.0,6720.0,1165.63,15750.0,16.1535
20141031,80.54,4.573,2039.0,6695.0,1172.94,15780.0,16.1588
20141030,81.12,4.558,2025.0,6740.0,1198.85,15775.0,16.5
20141029,82.2,4.565,2030.0,6815.0,1212.15,15670.0,17.0936
20141028,81.42,4.565,1996.0,6795.0,1228.52,15545.0,17.214000000000002
20141027,81.0,4.58,1983.0,6730.0,1226.62,14790.0,17.1372
20141024,81.01,4.593,1968.0,6690.0,1231.01,15010.0,17.2049
20141023,82.09,4.606,1988.0,6694.0,1231.84,15145.0,17.1969
20141022,80.52,4.612,2012.0,6630.0,1241.27,15210.0,17.164
20141021,82.81,4.631,1991.0,6669.0,1248.7,15300.0,17.5145
20141020,82.71,4.636,1972.0,6560.0,1246.91,15370.0,17.4384
20141017,82.75,4.649,1972.0,6639.0,1238.32,15700.0,17.2678
20141016,82.7,4.638999999999999,1913.0,6552.0,1238.81,15465.0,17.392
20141015,81.78,4.6339999999999995,1919.0,6641.0,1242.02,15830.0,17.4677
20141014,81.84,4.649,1950.0,6800.0,1232.83,16350.0,17.3914
20141013,85.74,4.659,1945.0,6710.0,1235.87,16455.0,17.4881
20141010,85.82,4.649,1930.0,6645.0,1223.16,16375.0,17.3945
20141009,85.77,4.652,1950.0,6702.0,1224.33,16675.0,17.3686
20141008,87.31,4.6419999999999995,1940.0,6637.5,1221.14,16535.0,17.377
20141007,88.85,4.6419999999999995,1955.0,6670.0,1209.01,16950.0,17.1856
20141006,90.34,4.638999999999999,1929.0,6710.0,1207.3,16700.0,17.342
20141003,89.74,4.638999999999999,1914.0,6642.0,1191.42,16550.0,16.8431
20141002,91.01,4.662,1889.5,6601.0,1214.57,16025.0,17.1102
20141001,90.73,4.651,1921.0,6680.0,1213.82,16095.0,17.1792
20140930,91.16,4.678,1960.0,6667.0,1208.15,16310.0,16.9755
20140929,94.57,4.659,1963.0,6742.0,1215.81,16675.0,17.4975
20140926,93.54,4.648,1948.0,6718.0,1218.38,16980.0,17.6475
20140925,92.53,4.668,1950.5,6695.0,1221.58,17325.0,17.5287
20140924,92.8,4.669,1974.0,6742.0,1217.09,17400.0,17.7
20140923,91.56,4.638999999999999,1966.0,6720.0,1223.42,17125.0,17.799
20140922,91.52,4.645,1976.0,6720.5,1215.08,17025.0,17.7458
20140919,92.41,4.65,1976.0,6835.0,1215.7,17775.0,17.8325
20140918,93.07,4.652,1981.5,6842.5,1225.15,17905.0,18.5378
20140917,94.42,4.678,1998.0,6931.0,1223.51,18080.0,18.5428
20140916,94.88,4.684,2026.0,6901.0,1235.55,18100.0,18.7198
20140915,92.92,4.678999999999999,1991.0,6820.0,1233.22,18050.0,18.68
20140912,92.27,4.685,2029.0,6838.0,1229.65,18400.0,18.6387
20140911,92.83,4.711,2040.0,6835.0,1240.92,18425.0,18.709
20140910,91.67,4.692,2059.0,6870.0,1249.77,18740.0,18.9678
20140909,92.75,4.672,2068.0,6840.0,1255.47,18925.0,19.0607
20140908,92.66,4.6739999999999995,2097.0,6990.0,1255.45,19930.0,19.03
20140905,93.29,4.67,2093.0,6975.0,1268.81,19575.0,19.1963
20140904,94.45,4.687,2105.0,6930.0,1261.67,19395.0,19.05
20140903,95.54,4.677,2079.0,6904.0,1269.4,19075.0,19.180999999999997
20140902,92.88,4.666,2107.0,6968.0,1265.4,18550.0,19.172
20140901,94.41999999999999,4.679500000000001,2095.0,6942.0,1286.0,18745.0,19.47
20140829,95.96,4.6930000000000005,2096.5,6982.0,1287.32,18800.0,19.465
20140828,94.55,4.7010000000000005,2081.0,6934.0,1289.65,18650.0,19.5062
20140827,93.88,4.705,2085.5,7030.0,1282.63,18850.0,19.4631
20140826,93.86,4.685,2083.0,7054.0,1281.2,18950.0,19.3718
20140825,93.35,4.681,2073.0,7065.0,1276.84,18850.0,19.36
20140822,93.65,4.673,2063.0,7076.0,1281.1,18750.0,19.429000000000002
20140821,93.96,4.677,2059.0,7015.0,1276.78,18825.0,19.4428
20140820,96.07,4.6739999999999995,2076.0,7010.0,1291.94,18950.0,19.4846
20140819,94.48,4.694,2039.0,6867.5,1295.73,18550.0,19.4373
20140818,96.41,4.691,2019.0,6905.0,1298.4,18495.0,19.6256
20140815,97.35,4.691,2000.0,6870.0,1304.7,18670.0,19.5671
20140814,95.58,4.716,1997.0,6825.0,1313.52,18680.0,19.8875
20140813,97.59,4.705,2026.0,6885.0,1312.92,18560.0,19.8298
20140812,97.37,4.721,2052.0,6965.0,1309.51,18750.0,19.9227
20140811,98.08,4.739,2033.5,6995.0,1308.48,18650.0,20.0186
20140808,97.65,4.784,2024.0,6995.0,1309.58,18560.0,19.8951
20140807,97.34,4.7780000000000005,2027.0,6999.0,1312.63,18905.0,19.9671
20140806,96.92,4.763999999999999,2024.0,6970.0,1305.9,18730.0,20.0394
20140805,97.38,4.769,2013.0,7055.0,1288.78,18420.0,19.7754
20140804,98.29,4.782,2029.0,7130.0,1288.25,18500.0,20.1646
20140801,97.88,4.787,1975.0,7074.5,1293.75,18405.0,20.3288
20140731,98.17,4.763999999999999,1988.0,7115.0,1282.59,18505.0,20.3962
20140730,100.27,4.738,2022.0,7125.0,1296.3,18960.0,20.6102
20140729,100.97,4.716,1982.0,7082.0,1299.11,18650.0,20.576
20140728,101.67,4.77,2015.0,7120.0,1304.05,18800.0,20.5849
20140725,102.09,4.783,1997.0,7125.0,1307.22,19200.0,20.7382
20140724,102.07,4.788,2026.0,7169.5,1293.66,19160.0,20.3811
20140723,103.12,4.797,2016.0,7045.0,1304.59,19050.0,20.9151
20140722,104.42,4.821000000000001,2043.0,7040.0,1306.42,19100.0,20.9486
20140721,104.59,4.867,2020.0,7025.0,1312.49,18825.0,20.9242
20140718,103.13,4.886,1981.0,6985.0,1310.88,18660.0,20.8733
20140717,103.19,4.859,1989.0,7067.5,1319.2,19200.0,21.1516
20140716,101.2,4.878,1970.0,7078.0,1299.21,19300.0,20.7682
20140715,99.96,4.863,1960.0,7130.0,1294.05,19325.0,20.6864
20140714,100.91,4.876,1942.0,7122.5,1307.15,19350.0,20.9187
20140711,100.83,4.882,1941.0,7156.0,1338.7,19380.0,21.4483
20140710,102.93,4.888,1925.0,7162.0,1335.75,19250.0,21.4019
20140709,102.29,4.941,1939.0,7125.0,1327.83,19525.0,21.1257
20140708,103.4,4.975,1940.0,7130.0,1319.24,19775.0,21.0406
20140707,103.53,4.999,1924.0,7125.0,1319.94,19330.0,21.0519
20140704,103.795,5.0120000000000005,1923.0,7150.0,1320.55,19400.0,21.17
20140703,104.06,5.025,1935.0,7175.0,1319.53,19875.0,21.1396
20140702,104.48,5.03,1923.0,7125.0,1326.86,19630.0,21.160999999999998
20140701,105.34,5.0569999999999995,1884.0,7020.0,1326.46,19125.0,21.0362
20140630,105.37,5.041,1891.0,7015.0,1327.33,19040.0,21.0332
20140627,105.74,5.022,1885.0,6945.0,1316.17,18920.0,20.9679
20140626,105.84,5.037,1897.0,6955.0,1316.58,18800.0,21.1073
20140625,106.5,5.105,1900.0,6915.0,1319.18,18575.0,21.0342
20140624,106.03,5.096,1896.0,6885.0,1318.29,18130.0,20.923000000000002
20140623,106.17,5.1,1890.0,6885.0,1317.52,18425.0,20.8816
20140620,107.26,5.117,1886.0,6820.0,1314.82,18400.0,20.8711
20140619,106.43,5.157,1889.0,6725.0,1320.39,18550.0,20.8
20140618,105.97,5.138,1873.0,6710.0,1277.71,18740.0,19.8905
20140617,106.36,5.124,1852.0,6705.0,1270.58,19120.0,19.7453
20140616,106.9,5.086,1853.0,6691.0,1272.0,18650.0,19.6679
20140613,106.91,5.087,1845.0,6655.0,1276.96,18070.0,19.6918
20140612,106.53,5.058,1844.0,6620.0,1273.46,18000.0,19.5323
20140611,104.4,5.063,1867.0,6690.0,1261.07,18305.0,19.2044
20140610,104.35,5.072,1900.5,6675.0,1259.9,18775.0,19.1952
20140609,104.41,5.029,1911.0,6670.0,1252.34,18905.0,19.0709
20140606,102.66,5.043,1879.0,6688.0,1253.23,18875.0,19.028
20140605,102.48,5.027,1850.0,6780.0,1253.63,19030.0,19.0478
20140604,102.64,5.0089999999999995,1835.0,6785.0,1243.94,19025.0,18.8231
20140603,102.66,5.013999999999999,1846.0,6868.0,1244.95,19075.0,18.8125
20140602,102.47,5.037,1850.0,6932.5,1243.93,19350.0,18.761
20140530,102.71,5.002,1838.0,6845.0,1249.68,19250.0,18.8199
20140529,103.58,5.006,1845.0,6884.0,1255.56,18900.0,19.0383
20140528,102.72,5.003,1840.0,6944.0,1258.14,19320.0,19.034000000000002
20140527,104.11,5.01,1828.5,6934.0,1264.95,19550.0,19.0772
20140526,104.22999999999999,4.9985,1821.5,6931.0,1292.91,19575.0,19.4351
20140523,104.35,4.987,1814.5,6928.0,1292.61,19600.0,19.4584
20140522,103.74,4.967,1796.0,6875.0,1294.1,19700.0,19.5063
20140521,104.07,4.989,1768.0,6831.0,1292.04,19500.0,19.4063
20140520,102.44,4.984,1770.0,6885.0,1294.37,19855.0,19.4218
20140519,102.61,4.984,1774.0,6925.0,1292.97,20100.0,19.3619
20140516,102.02,4.9830000000000005,1769.5,6860.0,1293.52,19025.0,19.3716
20140515,101.5,5.018,1775.0,6885.0,1296.22,18750.0,19.5052
20140514,102.37,5.052,1809.0,6920.0,1305.97,20030.0,19.7929
20140513,101.7,5.029,1781.0,6845.0,1293.63,21000.0,19.54
20140512,100.59,5.034,1787.0,6879.0,1295.8,20925.0,19.5424
20140509,99.99,5.064,1761.5,6745.0,1288.91,19905.0,19.1696
20140508,100.26,5.034,1766.5,6729.0,1289.43,19405.0,19.19
20140507,100.77,5.024,1769.0,6655.0,1289.88,18650.0,19.3205
20140506,99.5,5.019,1784.0,6720.0,1308.05,18550.0,19.5916
20140505,99.48,5.003,1785.0,6719.5,1310.28,18410.0,19.6142
20140502,99.76,5.016,1786.0,6719.0,1299.7,18270.0,19.4915
